"['id', 'date', 'hour', 'leagueMatchNb', 'idHome', 'homeTeam', 'idAway', 'awayTeam', 'h_score', 'a_score', 'h_possession', 'h_shots', 'h_targettedShots', 'h_nonTargettedShots', 'h_blockedShots', 'h_freeKicks', 'h_corners', 'h_offPlays', 'h_throwsIns', 'h_goalKeeperSaves', 'h_fouls', 'h_redCards', 'h_yellowCards', 'h_attemptedPasses', 'h_succeededPasses', 'h_tackles', 'h_attacks', 'h_dangerousAttacks', 'a_possession', 'a_shots', 'a_targettedShots', 'a_nonTargettedShots', 'a_blockedShots', 'a_freeKicks', 'a_corners', 'a_offPlays', 'a_throwsIns', 'a_goalKeeperSaves', 'a_fouls', 'a_redCards', 'a_yellowCards', 'a_attemptedPasses', 'a_succeededPasses', 'a_tackles', 'a_attacks', 'a_dangerousAttacks']"
"[1, 20210530, 1800, -1, 18, 'FCN', 22, 'TFC', '0', '1', 38, 8, 2, 3, 3, 24, 4, 1, 21, 4, 19, 0, 0, 3, 306, 25, 118, 66, 62, 12, 5, 6, 1, 26, 1, 0, 34, 2, 17, 0, 1, 3, 500, 22, 127, 66]"
"[2, 20210527, 2045, -1, 22, 'TFC', 18, 'FCN', '1', '2', 56, 15, 2, 7, 6, 25, 3, 4, 30, 2, 12, 0, 0, 2, 530, 24, 89, 52, 44, 11, 4, 6, 1, 22, 1, 0, 24, 1, 17, 0, 0, 1, 408, 12, 103, 67]"
"[3, 20210523, 2100, '38', 13, 'SCO', 1, 'LOSC', '1', '2', 57, 11, 4, 6, 1, 28, 4, 0, 19, 0, 10, 0, 0, 0, 660, 11, 144, 40, 43, 5, 2, 3, 0, 13, 2, 4, 19, 3, 14, 0, 0, 2, 496, 17, 94, 26]"
"[4, 20210523, 2100, '38', 17, 'SB29', 2, 'PSG', '0', '2', 37, 6, 5, 1, 0, 7, 5, 1, 15, 3, 7, 0, 0, 1, 393, 14, 85, 30, 63, 9, 4, 3, 2, 9, 4, 0, 21, 5, 6, 0, 0, 2, 696, 9, 127, 80]"
"[5, 20210523, 2100, '38', 7, 'RCL', 3, 'ASM', '0', '0', 35, 4, 1, 3, 0, 12, 2, 3, 14, 3, 16, 0, 0, 3, 338, 13, 75, 26, 65, 19, 3, 11, 5, 29, 7, 4, 22, 1, 6, 0, 0, 2, 632, 14, 165, 67]"
"[6, 20210523, 2100, '38', 4, 'OL', 9, 'OGCN', '2', '3', 54, 12, 6, 4, 2, 17, 6, 2, 24, 3, 8, 0, 0, 1, 510, 19, 140, 70, 46, 14, 6, 6, 2, 15, 6, 0, 10, 4, 10, 0, 0, 2, 432, 14, 57, 43]"
"[7, 20210523, 2100, '38', 10, 'FCM', 5, 'OM', '1', '1', 35, 10, 3, 3, 4, 10, 1, 1, 21, 1, 14, 0, 0, 3, 320, 12, 72, 29, 65, 9, 2, 6, 1, 18, 10, 1, 24, 2, 10, 0, 0, 2, 586, 14, 98, 47]"
"[8, 20210523, 2100, '38', 18, 'FCN', 8, 'MHSC', '1', '2', 49, 15, 5, 4, 6, 18, 9, 1, 26, 3, 8, 0, 0, 2, 354, 19, 101, 75, 51, 8, 5, 2, 1, 10, 5, 1, 23, 4, 11, 0, 0, 2, 376, 25, 102, 28]"
"[9, 20210523, 2100, '38', 14, 'SDR', 12, 'FCGB', '1', '2', 56, 10, 3, 4, 3, 9, 5, 2, 14, 3, 11, 0, 0, 1, 554, 10, 90, 48, 44, 12, 5, 3, 4, 18, 2, 1, 14, 2, 6, 0, 0, 1, 449, 11, 90, 43]"
"[10, 20210523, 2100, '38', 6, 'SRFC', 19, 'NO', '2', '0', 68, 12, 6, 4, 2, 19, 4, 0, 16, 2, 11, 0, 0, 1, 832, 14, 160, 64, 32, 9, 2, 7, 0, 13, 3, 2, 12, 4, 10, 0, 0, 0, 384, 10, 74, 11]"
"[11, 20210523, 2100, '38', 11, 'ASSE', 20, 'DFCO', '0', '1', 65, 19, 5, 9, 5, 14, 9, 1, 29, 1, 13, 0, 0, 1, 609, 15, 138, 57, 35, 10, 2, 7, 1, 20, 3, 0, 15, 5, 10, 0, 0, 0, 328, 30, 79, 20]"
"[12, 20210523, 2100, '38', 15, 'RCSA', 16, 'FCL', '1', '1', 52, 6, 2, 4, 0, 13, 2, 0, 20, 0, 17, 0, 0, 1, 488, 15, 100, 25, 48, 7, 1, 4, 2, 24, 3, 1, 24, 1, 9, 0, 0, 1, 442, 13, 96, 27]"
"[13, 20210521, 2045, -1, 22, 'TFC', 36, 'GF38', '3', '0', 42, 12, 6, 4, 2, 20, 3, 1, 23, 3, 15, 0, 0, 2, 365, 20, 105, 66, 58, 14, 3, 8, 3, 23, 4, 0, 28, 3, 13, 0, 0, 3, 490, 24, 121, 78]"
"[14, 20210518, 2045, -1, 36, 'GF38', 42, 'PFC', '2', '0', 35, 12, 8, 3, 1, 20, 4, 2, 17, 3, 14, 0, 0, 1, 290, 12, 88, 83, 65, 15, 3, 5, 7, 23, 5, 4, 22, 6, 12, 0, 0, 1, 526, 16, 126, 118]"
"[15, 20210516, 2100, '37', 12, 'FCGB', 7, 'RCL', '3', '0', 33, 11, 4, 5, 2, 22, 1, 1, 18, 4, 16, 0, 0, 2, 288, 22, 86, 29, 67, 14, 4, 5, 5, 21, 6, 2, 26, 1, 15, 0, 0, 2, 565, 15, 142, 62]"
"[16, 20210516, 2100, '37', 20, 'DFCO', 18, 'FCN', '0', '4', 71, 10, 1, 4, 5, 14, 3, 1, 37, 0, 12, 0, 0, 2, 661, 19, 130, 43, 29, 16, 4, 9, 3, 20, 6, 1, 19, 1, 10, 0, 0, 1, 268, 15, 100, 39]"
"[17, 20210516, 2100, '37', 1, 'LOSC', 11, 'ASSE', '0', '0', 59, 14, 3, 6, 5, 23, 3, 1, 27, 1, 11, 0, 0, 1, 596, 21, 148, 58, 41, 8, 1, 3, 4, 14, 6, 1, 22, 3, 14, 0, 0, 2, 396, 19, 86, 25]"
"[18, 20210516, 2100, '37', 16, 'FCL', 10, 'FCM', '2', '1', 38, 6, 2, 2, 2, 20, 2, 0, 19, 0, 16, 0, 0, 1, 383, 26, 93, 32, 62, 3, 1, 1, 1, 23, 1, 0, 23, 0, 19, 0, 0, 4, 635, 14, 136, 39]"
"[19, 20210516, 2100, '37', 5, 'OM', 13, 'SCO', '3', '2', 53, 16, 11, 3, 2, 19, 3, 2, 12, 3, 16, 0, 0, 3, 543, 23, 91, 36, 47, 11, 5, 3, 3, 26, 4, 2, 17, 8, 12, 0, 0, 2, 478, 8, 112, 44]"
"[20, 20210516, 2100, '37', 3, 'ASM', 6, 'SRFC', '2', '1', 39, 11, 3, 2, 6, 21, 4, 2, 26, 2, 12, 0, 0, 2, 366, 23, 101, 31, 61, 9, 2, 5, 2, 19, 4, 0, 31, 1, 14, 0, 1, 2, 561, 12, 129, 61]"
"[21, 20210516, 2100, '37', 8, 'MHSC', 17, 'SB29', '0', '0', 41, 4, 2, 2, 0, 18, 1, 0, 21, 9, 18, 0, 1, 0, 344, 12, 110, 29, 59, 22, 9, 8, 5, 26, 11, 0, 29, 2, 13, 0, 0, 3, 499, 17, 123, 83]"
"[22, 20210516, 2100, '37', 9, 'OGCN', 15, 'RCSA', '0', '2', 72, 7, 3, 3, 1, 16, 4, 1, 26, 3, 9, 0, 0, 2, 679, 17, 181, 40, 28, 11, 5, 2, 4, 15, 4, 2, 14, 3, 10, 0, 0, 1, 257, 11, 54, 29]"
"[23, 20210516, 2100, '37', 19, 'NO', 4, 'OL', '2', '5', -1, -1, -1, -1, -1, -1, -1, -1, -1, -1, -1, -1, -1, -1, -1, -1, -1, -1, -1, -1, -1, -1, -1, -1, -1, -1, -1, -1, -1, -1, -1, -1, -1, -1]"
"[24, 20210516, 2100, '37', 2, 'PSG', 14, 'SDR', '4', '0', 57, 28, 10, 11, 7, 6, 9, 1, 17, 0, 14, 0, 0, 0, 586, 13, 119, 87, 43, 2, 0, 1, 1, 18, 5, 2, 7, 6, 4, 0, 0, 1, 440, 24, 60, 24]"
"[25, 20210509, 2100, '36', 6, 'SRFC', 2, 'PSG', '1', '1', 42, 19, 10, 6, 3, 16, 9, 4, 18, 3, 12, 0, 0, 4, 414, 14, 85, 49, 58, 12, 4, 7, 1, 17, 3, 2, 15, 9, 11, 0, 1, 1, 563, 13, 105, 63]"
"[26, 20210509, 1705, '36', 14, 'SDR', 3, 'ASM', '0', '1', 39, 8, 2, 3, 3, 16, 3, 1, 30, 1, 11, 0, 0, 1, 403, 8, 80, 37, 61, 7, 2, 3, 2, 18, 3, 0, 16, 2, 13, 0, 0, 3, 655, 18, 144, 38]"
"[27, 20210509, 1500, '36', 13, 'SCO', 20, 'DFCO', '3', '0', -1, -1, -1, -1, -1, -1, -1, -1, -1, -1, -1, -1, -1, -1, -1, -1, -1, -1, -1, -1, -1, -1, -1, -1, -1, -1, -1, -1, -1, -1, -1, -1, -1, -1]"
"[28, 20210509, 1500, '36', 10, 'FCM', 19, 'NO', '0', '3', 59, 11, 2, 5, 4, 22, 0, 1, 18, 2, 13, 0, 0, 1, 560, 11, 115, 35, 41, 10, 5, 3, 2, 17, 6, 2, 27, 2, 12, 0, 0, 2, 379, 18, 100, 43]"
"[29, 20210509, 1500, '36', 9, 'OGCN', 17, 'SB29', '3', '2', 63, 14, 5, 7, 2, 17, 7, 0, 20, 0, 8, 0, 1, 1, 611, 12, 134, 71, 37, 9, 2, 4, 3, 10, 5, 0, 18, 2, 11, 0, 0, 1, 365, 14, 85, 31]"
"[30, 20210509, 1500, '36', 15, 'RCSA', 8, 'MHSC', '2', '3', 58, 18, 7, 7, 4, 25, 4, 1, 26, 0, 16, 0, 0, 2, 457, 16, 122, 57, 42, 6, 3, 1, 2, 25, 6, 1, 18, 5, 16, 0, 0, 3, 336, 9, 90, 25]"
"[31, 20210509, 1300, '36', 11, 'ASSE', 5, 'OM', '1', '0', 45, 18, 5, 8, 5, 21, 10, 2, 20, 4, 22, 0, 0, 1, 313, 15, 81, 28, 55, 15, 4, 8, 3, 31, 4, 3, 25, 4, 12, 0, 0, 3, 385, 19, 89, 48]"
"[32, 20210508, 1700, '36', 4, 'OL', 16, 'FCL', '4', '1', 59, 25, 11, 8, 6, 14, 5, 0, 24, 1, 17, 0, 0, 2, 598, 18, 135, 52, 41, 8, 2, 3, 3, 25, 1, 1, 18, 7, 10, 0, 0, 2, 414, 14, 86, 16]"
"[33, 20210508, 1300, '36', 18, 'FCN', 12, 'FCGB', '3', '0', 49, 11, 3, 4, 4, 31, 5, 0, 14, 2, 13, 0, 0, 0, 411, 8, 142, 48, 51, 10, 2, 6, 2, 21, 2, 2, 30, 0, 20, 0, 0, 5, 427, 18, 102, 32]"
"[34, 20210507, 2100, '36', 7, 'RCL', 1, 'LOSC', '0', '3', 49, 11, 5, 4, 2, 16, 5, 0, 17, 3, 15, 0, 1, 3, 498, 8, 119, 40, 51, 11, 6, 5, 0, 20, 4, 0, 12, 5, 9, 0, 0, 2, 528, 16, 98, 29]"
"[35, 20210502, 2100, '35', 3, 'ASM', 4, 'OL', '2', '3', 47, 12, 4, 6, 2, 25, 5, 2, 20, 2, 23, 0, 2, 1, 433, 17, 97, 34, 53, 17, 5, 9, 3, 30, 5, 3, 11, 2, 16, 0, 3, 4, 471, 9, 126, 54]"
"[36, 20210502, 1705, '35', 8, 'MHSC', 11, 'ASSE', '1', '2', 46, 13, 2, 5, 6, 16, 7, 1, 22, 5, 15, 0, 0, 2, 360, 27, 82, 46, 54, 19, 7, 4, 8, 23, 7, 0, 33, 1, 12, 0, 0, 1, 439, 7, 119, 39]"
"[37, 20210502, 1500, '35', 17, 'SB29', 18, 'FCN', '1', '4', 59, 16, 7, 3, 6, 17, 5, 2, 34, 2, 12, 0, 0, 2, 564, 15, 144, 65, 41, 12, 6, 1, 5, 17, 5, 2, 21, 6, 10, 0, 0, 0, 390, 19, 87, 47]"
"[38, 20210502, 1500, '35', 20, 'DFCO', 10, 'FCM', '1', '5', 45, 10, 4, 4, 2, 23, 6, 0, 15, 1, 11, 0, 1, 1, 395, 12, 97, 34, 55, 14, 6, 7, 1, 17, 3, 1, 19, 3, 16, 0, 0, 1, 489, 25, 101, 42]"
"[39, 20210502, 1500, '35', 16, 'FCL', 13, 'SCO', '2', '0', 50, 13, 4, 6, 3, 19, 5, 4, 15, 2, 8, 0, 1, 3, 539, 15, 117, 32, 50, 9, 2, 6, 1, 13, 0, 0, 15, 2, 13, 0, 1, 3, 545, 15, 116, 55]"
"[40, 20210502, 1500, '35', 19, 'NO', 14, 'SDR', '2', '2', 50, 18, 7, 7, 4, 17, 10, 1, 33, 5, 15, 0, 0, 2, 397, 14, 102, 53, 50, 12, 7, 3, 2, 25, 5, 0, 27, 5, 13, 0, 0, 2, 389, 13, 87, 24]"
"[41, 20210502, 1300, '35', 12, 'FCGB', 6, 'SRFC', '1', '0', 46, 9, 4, 2, 3, 22, 3, 1, 24, 2, 14, 0, 0, 4, 405, 14, 96, 19, 54, 9, 2, 4, 3, 26, 5, 1, 25, 3, 14, 0, 1, 1, 471, 23, 119, 65]"
"[42, 20210501, 2100, '35', 1, 'LOSC', 9, 'OGCN', '2', '0', 56, 12, 4, 4, 4, 22, 5, 2, 17, 0, 9, 0, 0, 2, 618, 13, 127, 47, 44, 0, 0, 0, 0, 13, 1, 2, 22, 2, 12, 0, 1, 3, 490, 14, 82, 25]"
"[43, 20210501, 1700, '35', 2, 'PSG', 7, 'RCL', '2', '1', 60, 14, 6, 5, 3, 24, 6, 3, 17, 2, 14, 0, 0, 4, 594, 15, 108, 34, 40, 15, 3, 11, 1, 23, 2, 2, 7, 4, 16, 0, 0, 2, 391, 21, 82, 41]"
"[44, 20210430, 2100, '35', 5, 'OM', 15, 'RCSA', '1', '1', 68, 8, 4, 4, 0, 22, 5, 1, 28, 4, 10, 0, 0, 4, 643, 6, 147, 48, 32, 8, 5, 3, 0, 15, 6, 0, 14, 3, 14, 0, 0, 2, 299, 15, 77, 33]"
"[45, 20210425, 2100, '34', 4, 'OL', 1, 'LOSC', '2', '3', 46, 7, 2, 2, 3, 18, 8, 1, 18, 4, 9, 0, 0, 0, 477, 10, 118, 66, 54, 16, 7, 5, 4, 16, 4, 1, 21, 1, 13, 0, 0, 3, 572, 12, 109, 40]"
"[46, 20210425, 1705, '34', 13, 'SCO', 3, 'ASM', '0', '1', 41, 4, 0, 3, 1, 17, 4, 2, 26, 2, 18, 0, 0, 2, 365, 12, 84, 22, 59, 10, 3, 5, 2, 27, 1, 2, 23, 0, 11, 0, 0, 2, 543, 19, 119, 43]"
"[47, 20210425, 1500, '34', 7, 'RCL', 19, 'NO', '2', '1', 43, 7, 4, 2, 1, 17, 4, 1, 30, 1, 14, 0, 1, 1, 359, 20, 80, 23, 57, 16, 2, 10, 4, 21, 6, 1, 27, 2, 15, 0, 0, 2, 461, 17, 117, 71]"
"[48, 20210425, 1500, '34', 16, 'FCL', 12, 'FCGB', '4', '1', 44, 13, 7, 6, 0, 19, 6, 1, 19, 6, 9, 0, 0, 2, 383, 25, 90, 46, 56, 13, 7, 4, 2, 12, 3, 1, 31, 3, 14, 0, 0, 3, 495, 7, 118, 51]"
"[49, 20210425, 1500, '34', 6, 'SRFC', 20, 'DFCO', '5', '1', 74, 25, 12, 7, 6, 14, 8, 3, 16, 0, 13, 0, 0, 6, 773, 16, 148, 67, 26, 4, 1, 2, 1, 24, 2, 1, 13, 7, 8, 0, 0, 3, 262, 16, 79, 49]"
"[50, 20210425, 1500, '34', 15, 'RCSA', 18, 'FCN', '1', '2', 65, 12, 4, 4, 4, 22, 6, 0, 36, 3, 15, 0, 0, 1, 507, 22, 141, 63, 35, 7, 5, 2, 0, 20, 4, 4, 22, 3, 13, 0, 0, 3, 275, 23, 122, 43]"
"[51, 20210425, 1300, '34', 9, 'OGCN', 8, 'MHSC', '3', '1', 59, 18, 8, 3, 7, 25, 7, 1, 19, 2, 13, 0, 0, 1, 498, 15, 98, 46, 41, 14, 3, 8, 3, 22, 6, 2, 19, 5, 17, 0, 0, 2, 332, 22, 99, 48]"
"[52, 20210424, 1700, '34', 10, 'FCM', 2, 'PSG', '1', '3', 33, 8, 3, 4, 1, 16, 1, 1, 15, 5, 12, 0, 0, 1, 326, 15, 79, 30, 67, 19, 8, 10, 1, 17, 9, 0, 15, 2, 12, 0, 0, 4, 676, 26, 145, 42]"
"[53, 20210424, 1300, '34', 11, 'ASSE', 17, 'SB29', '1', '2', 43, 6, 3, 3, 0, 18, 3, 1, 33, 5, 17, 0, 0, 2, 326, 16, 120, 52, 57, 12, 7, 3, 2, 24, 2, 0, 26, 2, 11, 0, 0, 1, 442, 24, 107, 44]"
"[54, 20210423, 2100, '34', 14, 'SDR', 5, 'OM', '1', '3', 41, 10, 1, 3, 6, 6, 5, 2, 19, 3, 9, 0, 1, 2, 413, 19, 104, 48, 59, 11, 6, 2, 3, 15, 2, 2, 12, 0, 2, 0, 0, 0, 597, 11, 108, 31]"
"[55, 20210418, 2100, '33', 18, 'FCN', 4, 'OL', '1', '2', 49, 12, 3, 5, 4, 17, 5, 2, 20, 2, 16, 0, 0, 0, 473, 22, 95, 49, 51, 11, 4, 5, 2, 24, 4, 1, 28, 2, 10, 0, 0, 1, 494, 19, 67, 30]"
"[56, 20210418, 1705, '33', 12, 'FCGB', 3, 'ASM', '0', '3', 41, 7, 2, 3, 2, 15, 4, 1, 14, 3, 13, 0, 1, 4, 422, 18, 78, 30, 59, 13, 6, 4, 3, 22, 5, 2, 16, 2, 11, 0, 0, 1, 616, 17, 150, 58]"
"[57, 20210418, 1500, '33', 17, 'SB29', 7, 'RCL', '1', '1', 45, 7, 5, 2, 0, 25, 2, 2, 35, 1, 14, 0, 1, 2, 345, 18, 64, 22, 55, 8, 2, 3, 3, 20, 4, 1, 19, 4, 16, 0, 2, 7, 429, 14, 84, 23]"
"[58, 20210418, 1500, '33', 20, 'DFCO', 9, 'OGCN', '2', '0', 43, 9, 3, 2, 4, 19, 1, 5, 20, 2, 8, 0, 0, 1, 384, 17, 80, 25, 57, 10, 2, 6, 2, 18, 9, 1, 22, 1, 13, 0, 0, 1, 500, 23, 78, 38]"
"[59, 20210418, 1500, '33', 19, 'NO', 15, 'RCSA', '1', '1', 52, 5, 1, 4, 0, 24, 2, 3, 32, 2, 10, 0, 0, 0, 478, 12, 66, 28, 48, 7, 3, 2, 2, 14, 1, 0, 21, 0, 17, 0, 1, 2, 446, 19, 71, 18]"
"[60, 20210418, 1500, '33', 14, 'SDR', 10, 'FCM', '0', '0', 48, 15, 6, 7, 2, 24, 10, 1, 26, 2, 13, 0, 0, 3, 428, 19, 83, 47, 52, 11, 2, 6, 3, 21, 4, 3, 16, 6, 17, 0, 0, 1, 488, 12, 76, 32]"
"[61, 20210418, 1300, '33', 2, 'PSG', 11, 'ASSE', '3', '2', 72, 17, 5, 8, 4, 25, 13, 0, 21, 3, 13, 0, 0, 1, 678, 18, 168, 63, 28, 7, 5, 2, 0, 15, 3, 4, 17, 2, 15, 0, 0, 1, 266, 17, 65, 26]"
"[62, 20210417, 1700, '33', 5, 'OM', 16, 'FCL', '3', '2', 73, 13, 5, 5, 3, 21, 8, 1, 20, 4, 9, 0, 0, 1, 727, 11, 152, 58, 27, 12, 6, 5, 1, 13, 3, 0, 12, 2, 15, 0, 0, 0, 269, 9, 57, 21]"
"[63, 20210417, 1245, '33', 13, 'SCO', 6, 'SRFC', '0', '3', 41, 10, 3, 4, 3, 18, 2, 3, 15, 0, 11, 0, 0, 2, 470, 10, 88, 35, 59, 9, 3, 4, 2, 16, 3, 3, 15, 3, 10, 0, 0, 0, 689, 14, 147, 52]"
"[64, 20210416, 2100, '33', 1, 'LOSC', 8, 'MHSC', '1', '1', 63, 20, 9, 8, 3, 16, 9, 1, 24, 3, 14, 0, 0, 3, 597, 19, 152, 70, 37, 10, 4, 6, 0, 22, 0, 2, 14, 8, 11, 0, 0, 1, 347, 17, 103, 24]"
"[65, 20210411, 2100, '32', 4, 'OL', 13, 'SCO', '3', '0', -1, -1, -1, -1, -1, -1, -1, -1, -1, -1, -1, -1, -1, -1, -1, -1, -1, -1, -1, -1, -1, -1, -1, -1, -1, -1, -1, -1, -1, -1, -1, -1, -1, -1]"
"[66, 20210411, 1705, '32', 3, 'ASM', 20, 'DFCO', '3', '0', 64, 16, 10, 4, 2, 21, 6, 4, 25, 1, 10, 0, 0, 1, 636, 19, 59, 30, 36, 6, 1, 5, 0, 19, 4, 1, 16, 7, 16, 0, 0, 1, 352, 14, 43, 15]"
"[67, 20210411, 1500, '32', 17, 'SB29', 19, 'NO', '1', '1', 64, 22, 4, 9, 9, 27, 9, 1, 23, 2, 15, 0, 0, 4, 514, 13, 162, 80, 36, 5, 3, 1, 1, 21, 2, 2, 18, 3, 16, 0, 0, 1, 310, 12, 72, 36]"
"[68, 20210411, 1500, '32', 7, 'RCL', 16, 'FCL', '4', '1', -1, -1, -1, -1, -1, -1, -1, -1, -1, -1, -1, -1, -1, -1, -1, -1, -1, -1, -1, -1, -1, -1, -1, -1, -1, -1, -1, -1, -1, -1, -1, -1, -1, -1]"
"[69, 20210411, 1500, '32', 9, 'OGCN', 14, 'SDR', '0', '0', 55, 13, 2, 8, 3, 19, 10, 0, 11, 1, 13, 0, 0, 0, 478, 11, 103, 39, 45, 10, 1, 7, 2, 21, 6, 2, 14, 2, 11, 0, 0, 1, 384, 25, 106, 44]"
"[70, 20210411, 1500, '32', 11, 'ASSE', 12, 'FCGB', '4', '1', 37, 17, 7, 7, 3, 21, 5, 0, 20, 1, 12, 0, 0, 3, 304, 25, 96, 16, 63, 10, 2, 8, 0, 14, 6, 2, 30, 3, 17, 0, 0, 0, 528, 11, 111, 38]"
"[71, 20210411, 1300, '32', 6, 'SRFC', 18, 'FCN', '1', '0', 64, 14, 4, 8, 2, 24, 3, 2, 25, 2, 16, 0, 0, 6, 639, 21, 146, 62, 36, 4, 2, 2, 0, 21, 3, 0, 17, 3, 15, 0, 0, 2, 355, 18, 113, 53]"
"[72, 20210410, 2100, '32', 8, 'MHSC', 5, 'OM', '3', '3', 43, 20, 7, 6, 7, 18, 6, 2, 28, 5, 17, 0, 0, 2, 326, 12, 84, 65, 57, 13, 8, 2, 3, 26, 3, 0, 16, 4, 12, 0, 1, 2, 458, 15, 95, 37]"
"[73, 20210410, 1700, '32', 15, 'RCSA', 2, 'PSG', '1', '4', 37, 9, 3, 5, 1, 9, 5, 4, 20, 3, 8, 0, 0, 0, 353, 24, 86, 51, 63, 16, 7, 4, 5, 15, 4, 0, 21, 2, 6, 0, 0, 1, 633, 20, 127, 54]"
"[74, 20210409, 2100, '32', 10, 'FCM', 1, 'LOSC', '0', '2', 51, 18, 7, 5, 6, 19, 10, 0, 18, 4, 16, 0, 0, 2, 409, 23, 102, 50, 49, 9, 6, 2, 1, 28, 2, 2, 27, 7, 13, 0, 0, 2, 402, 26, 122, 40]"
"[75, 20210404, 2100, '31', 5, 'OM', 20, 'DFCO', '2', '0', 64, 16, 3, 7, 6, 21, 7, 3, 13, 1, 11, 0, 0, 2, 653, 20, 143, 50, 36, 4, 1, 1, 2, 22, 1, 3, 18, 1, 9, 0, 0, 4, 356, 13, 93, 28]"
"[76, 20210404, 1705, '31', 19, 'NO', 11, 'ASSE', '0', '2', 53, 14, 3, 6, 5, 26, 5, 2, 37, 3, 12, 0, 0, 5, 425, 23, 99, 41, 47, 15, 5, 7, 3, 18, 3, 1, 26, 3, 19, 0, 0, 2, 372, 22, 97, 52]"
"[77, 20210404, 1500, '31', 12, 'FCGB', 15, 'RCSA', '2', '3', 62, 14, 6, 6, 2, 24, 6, 0, 19, 2, 8, 0, 0, 1, 584, 8, 154, 59, 38, 12, 5, 4, 3, 9, 5, 0, 16, 4, 15, 0, 0, 1, 357, 20, 92, 52]"
"[78, 20210404, 1500, '31', 16, 'FCL', 17, 'SB29', '1', '0', 46, 13, 4, 5, 4, 34, 6, 3, 19, 1, 9, 0, 0, 3, 403, 14, 93, 39, 54, 5, 1, 2, 2, 15, 5, 0, 21, 3, 23, 0, 1, 2, 476, 13, 123, 32]"
"[79, 20210404, 1500, '31', 18, 'FCN', 9, 'OGCN', '1', '2', 50, 18, 6, 8, 4, 23, 10, 0, 24, 6, 15, 0, 0, 1, 423, 23, 121, 71, 50, 17, 8, 4, 5, 21, 5, 1, 19, 5, 14, 0, 0, 2, 439, 21, 77, 38]"
"[80, 20210404, 1500, '31', 14, 'SDR', 6, 'SRFC', '2', '2', 43, 9, 4, 5, 0, 15, 1, 1, 11, 6, 7, 0, 1, 3, 383, 8, 66, 34, 57, 19, 8, 4, 7, 9, 6, 1, 20, 2, 11, 0, 0, 3, 512, 10, 117, 63]"
"[81, 20210404, 1300, '31', 13, 'SCO', 8, 'MHSC', '1', '1', 62, 14, 4, 5, 5, 16, 4, 1, 25, 2, 15, 0, 0, 1, 613, 16, 149, 41, 38, 8, 3, 5, 0, 21, 0, 1, 25, 3, 9, 0, 0, 1, 362, 21, 108, 34]"
"[82, 20210403, 2100, '31', 7, 'RCL', 4, 'OL', '1', '1', 40, 10, 4, 5, 1, 22, 2, 1, 13, 5, 12, 0, 0, 3, 387, 12, 92, 51, 60, 15, 6, 7, 2, 17, 4, 2, 25, 3, 14, 0, 1, 3, 589, 19, 106, 75]"
"[83, 20210403, 1700, '31', 2, 'PSG', 1, 'LOSC', '0', '1', 65, 16, 3, 10, 3, 23, 5, 0, 28, 2, 18, 0, 1, 6, 578, 13, 102, 79, 35, 3, 3, 0, 0, 24, 0, 2, 17, 3, 12, 0, 1, 4, 323, 22, 59, 32]"
"[84, 20210403, 1300, '31', 3, 'ASM', 10, 'FCM', '4', '0', 61, 15, 6, 5, 4, 24, 8, 3, 23, 1, 16, 0, 0, 0, 514, 9, 93, 86, 39, 6, 1, 3, 2, 24, 1, 1, 13, 2, 15, 0, 1, 6, 329, 16, 69, 30]"
"[85, 20210321, 2100, '30', 4, 'OL', 2, 'PSG', '2', '4', -1, -1, -1, -1, -1, -1, -1, -1, -1, -1, -1, -1, -1, -1, -1, -1, -1, -1, -1, -1, -1, -1, -1, -1, -1, -1, -1, -1, -1, -1, -1, -1, -1, -1]"
"[86, 20210321, 1705, '30', 1, 'LOSC', 19, 'NO', '1', '2', -1, -1, -1, -1, -1, -1, -1, -1, -1, -1, -1, -1, -1, -1, -1, -1, -1, -1, -1, -1, -1, -1, -1, -1, -1, -1, -1, -1, -1, -1, -1, -1, -1, -1]"
"[87, 20210321, 1500, '30', 17, 'SB29', 13, 'SCO', '0', '0', -1, -1, -1, -1, -1, -1, -1, -1, -1, -1, -1, -1, -1, -1, -1, -1, -1, -1, -1, -1, -1, -1, -1, -1, -1, -1, -1, -1, -1, -1, -1, -1, -1, -1]"
"[88, 20210321, 1500, '30', 20, 'DFCO', 14, 'SDR', '0', '1', -1, -1, -1, -1, -1, -1, -1, -1, -1, -1, -1, -1, -1, -1, -1, -1, -1, -1, -1, -1, -1, -1, -1, -1, -1, -1, -1, -1, -1, -1, -1, -1, -1, -1]"
"[89, 20210321, 1500, '30', 8, 'MHSC', 12, 'FCGB', '3', '1', -1, -1, -1, -1, -1, -1, -1, -1, -1, -1, -1, -1, -1, -1, -1, -1, -1, -1, -1, -1, -1, -1, -1, -1, -1, -1, -1, -1, -1, -1, -1, -1, -1, -1]"
"[90, 20210321, 1500, '30', 18, 'FCN', 16, 'FCL', '1', '1', -1, -1, -1, -1, -1, -1, -1, -1, -1, -1, -1, -1, -1, -1, -1, -1, -1, -1, -1, -1, -1, -1, -1, -1, -1, -1, -1, -1, -1, -1, -1, -1, -1, -1]"
"[91, 20210321, 1300, '30', 15, 'RCSA', 7, 'RCL', '1', '2', -1, -1, -1, -1, -1, -1, -1, -1, -1, -1, -1, -1, -1, -1, -1, -1, -1, -1, -1, -1, -1, -1, -1, -1, -1, -1, -1, -1, -1, -1, -1, -1, -1, -1]"
"[92, 20210320, 1700, '30', 9, 'OGCN', 5, 'OM', '3', '0', -1, -1, -1, -1, -1, -1, -1, -1, -1, -1, -1, -1, -1, -1, -1, -1, -1, -1, -1, -1, -1, -1, -1, -1, -1, -1, -1, -1, -1, -1, -1, -1, -1, -1]"
"[93, 20210320, 1300, '30', 10, 'FCM', 6, 'SRFC', '1', '3', 52, 14, 2, 6, 6, 15, 4, 3, 2, 11, 0, 0, 0, 0, 501, 12, 133, 48, 48, 9, 5, 4, 0, 12, 3, 2, 1, 12, 1, 0, 0, 2, 471, 14, 111, 32]"
"[94, 20210319, 2100, '30', 11, 'ASSE', 3, 'ASM', '0', '4', -1, -1, -1, -1, -1, -1, -1, -1, -1, -1, -1, -1, -1, -1, -1, -1, -1, -1, -1, -1, -1, -1, -1, -1, -1, -1, -1, -1, -1, -1, -1, -1, -1, -1]"
"[95, 20210314, 2100, '29', 2, 'PSG', 18, 'FCN', '1', '2', -1, -1, -1, -1, -1, -1, -1, -1, -1, -1, -1, -1, -1, -1, -1, -1, -1, -1, -1, -1, -1, -1, -1, -1, -1, -1, -1, -1, -1, -1, -1, -1, -1, -1]"
"[96, 20210314, 1705, '29', 3, 'ASM', 1, 'LOSC', '0', '0', -1, -1, -1, -1, -1, -1, -1, -1, -1, -1, -1, -1, -1, -1, -1, -1, -1, -1, -1, -1, -1, -1, -1, -1, -1, -1, -1, -1, -1, -1, -1, -1, -1, -1]"
"[97, 20210314, 1500, '29', 20, 'DFCO', 12, 'FCGB', '1', '3', -1, -1, -1, -1, -1, -1, -1, -1, -1, -1, -1, -1, -1, -1, -1, -1, -1, -1, -1, -1, -1, -1, -1, -1, -1, -1, -1, -1, -1, -1, -1, -1, -1, -1]"
"[98, 20210314, 1500, '29', 7, 'RCL', 10, 'FCM', '2', '2', -1, -1, -1, -1, -1, -1, -1, -1, -1, -1, -1, -1, -1, -1, -1, -1, -1, -1, -1, -1, -1, -1, -1, -1, -1, -1, -1, -1, -1, -1, -1, -1, -1, -1]"
"[99, 20210314, 1500, '29', 16, 'FCL', 9, 'OGCN', '1', '1', -1, -1, -1, -1, -1, -1, -1, -1, -1, -1, -1, -1, -1, -1, -1, -1, -1, -1, -1, -1, -1, -1, -1, -1, -1, -1, -1, -1, -1, -1, -1, -1, -1, -1]"
"[100, 20210314, 1500, '29', 6, 'SRFC', 15, 'RCSA', '1', '0', -1, -1, -1, -1, -1, -1, -1, -1, -1, -1, -1, -1, -1, -1, -1, -1, -1, -1, -1, -1, -1, -1, -1, -1, -1, -1, -1, -1, -1, -1, -1, -1, -1, -1]"
"[101, 20210314, 1300, '29', 19, 'NO', 8, 'MHSC', '1', '1', -1, -1, -1, -1, -1, -1, -1, -1, -1, -1, -1, -1, -1, -1, -1, -1, -1, -1, -1, -1, -1, -1, -1, -1, -1, -1, -1, -1, -1, -1, -1, -1, -1, -1]"
"[102, 20210313, 1700, '29', 5, 'OM', 17, 'SB29', '3', '1', -1, -1, -1, -1, -1, -1, -1, -1, -1, -1, -1, -1, -1, -1, -1, -1, -1, -1, -1, -1, -1, -1, -1, -1, -1, -1, -1, -1, -1, -1, -1, -1, -1, -1]"
"[103, 20210313, 1300, '29', 13, 'SCO', 11, 'ASSE', '0', '1', -1, -1, -1, -1, -1, -1, -1, -1, -1, -1, -1, -1, -1, -1, -1, -1, -1, -1, -1, -1, -1, -1, -1, -1, -1, -1, -1, -1, -1, -1, -1, -1, -1, -1]"
"[104, 20210312, 2100, '29', 14, 'SDR', 4, 'OL', '1', '1', -1, -1, -1, -1, -1, -1, -1, -1, -1, -1, -1, -1, -1, -1, -1, -1, -1, -1, -1, -1, -1, -1, -1, -1, -1, -1, -1, -1, -1, -1, -1, -1, -1, -1]"
"[105, 20210310, 1900, '22', 5, 'OM', 6, 'SRFC', '1', '0', -1, -1, -1, -1, -1, -1, -1, -1, -1, -1, -1, -1, -1, -1, -1, -1, -1, -1, -1, -1, -1, -1, -1, -1, -1, -1, -1, -1, -1, -1, -1, -1, -1, -1]"
"[106, 20210303, 2100, '28', 12, 'FCGB', 2, 'PSG', '0', '1', -1, -1, -1, -1, -1, -1, -1, -1, -1, -1, -1, -1, -1, -1, -1, -1, -1, -1, -1, -1, -1, -1, -1, -1, -1, -1, -1, -1, -1, -1, -1, -1, -1, -1]"
"[107, 20210303, 2100, '28', 1, 'LOSC', 5, 'OM', '2', '0', -1, -1, -1, -1, -1, -1, -1, -1, -1, -1, -1, -1, -1, -1, -1, -1, -1, -1, -1, -1, -1, -1, -1, -1, -1, -1, -1, -1, -1, -1, -1, -1, -1, -1]"
"[108, 20210303, 2100, '28', 8, 'MHSC', 16, 'FCL', '1', '1', -1, -1, -1, -1, -1, -1, -1, -1, -1, -1, -1, -1, -1, -1, -1, -1, -1, -1, -1, -1, -1, -1, -1, -1, -1, -1, -1, -1, -1, -1, -1, -1, -1, -1]"
"[109, 20210303, 2100, '28', 18, 'FCN', 14, 'SDR', '1', '2', -1, -1, -1, -1, -1, -1, -1, -1, -1, -1, -1, -1, -1, -1, -1, -1, -1, -1, -1, -1, -1, -1, -1, -1, -1, -1, -1, -1, -1, -1, -1, -1, -1, -1]"
"[110, 20210303, 2100, '28', 15, 'RCSA', 3, 'ASM', '1', '0', -1, -1, -1, -1, -1, -1, -1, -1, -1, -1, -1, -1, -1, -1, -1, -1, -1, -1, -1, -1, -1, -1, -1, -1, -1, -1, -1, -1, -1, -1, -1, -1, -1, -1]"
"[111, 20210303, 1900, '28', 17, 'SB29', 20, 'DFCO', '3', '1', -1, -1, -1, -1, -1, -1, -1, -1, -1, -1, -1, -1, -1, -1, -1, -1, -1, -1, -1, -1, -1, -1, -1, -1, -1, -1, -1, -1, -1, -1, -1, -1, -1, -1]"
"[112, 20210303, 1900, '28', 4, 'OL', 6, 'SRFC', '1', '0', -1, -1, -1, -1, -1, -1, -1, -1, -1, -1, -1, -1, -1, -1, -1, -1, -1, -1, -1, -1, -1, -1, -1, -1, -1, -1, -1, -1, -1, -1, -1, -1, -1, -1]"
"[113, 20210303, 1900, '28', 10, 'FCM', 13, 'SCO', '0', '1', 65, 15, 1, 7, 7, 11, 6, 2, 3, 18, 1, 0, 0, 2, 586, 21, 139, 44, 35, 8, 4, 4, 0, 19, 1, 2, 1, 9, 0, 0, 0, 2, 314, 26, 78, 32]"
"[114, 20210303, 1900, '28', 9, 'OGCN', 19, 'NO', '2', '1', -1, -1, -1, -1, -1, -1, -1, -1, -1, -1, -1, -1, -1, -1, -1, -1, -1, -1, -1, -1, -1, -1, -1, -1, -1, -1, -1, -1, -1, -1, -1, -1, -1, -1]"
"[115, 20210303, 1900, '28', 11, 'ASSE', 7, 'RCL', '2', '3', -1, -1, -1, -1, -1, -1, -1, -1, -1, -1, -1, -1, -1, -1, -1, -1, -1, -1, -1, -1, -1, -1, -1, -1, -1, -1, -1, -1, -1, -1, -1, -1, -1, -1]"
"[116, 20210228, 2100, '27', 5, 'OM', 4, 'OL', '1', '1', 53, 12, 2, 5, 5, 17, 7, 0, 0, 13, 0, 0, 0, 4, 479, 15, 110, 53, 47, 11, 1, 6, 4, 13, 2, 7, 1, 11, 1, 0, 0, 4, 424, 9, 105, 46]"
"[117, 20210228, 1700, '27', 1, 'LOSC', 15, 'RCSA', '1', '1', -1, -1, -1, -1, -1, -1, -1, -1, -1, -1, -1, -1, -1, -1, -1, -1, -1, -1, -1, -1, -1, -1, -1, -1, -1, -1, -1, -1, -1, -1, -1, -1, -1, -1]"
"[118, 20210228, 1500, '27', 13, 'SCO', 7, 'RCL', '2', '2', -1, -1, -1, -1, -1, -1, -1, -1, -1, -1, -1, -1, -1, -1, -1, -1, -1, -1, -1, -1, -1, -1, -1, -1, -1, -1, -1, -1, -1, -1, -1, -1, -1, -1]"
"[119, 20210228, 1500, '27', 16, 'FCL', 11, 'ASSE', '2', '1', -1, -1, -1, -1, -1, -1, -1, -1, -1, -1, -1, -1, -1, -1, -1, -1, -1, -1, -1, -1, -1, -1, -1, -1, -1, -1, -1, -1, -1, -1, -1, -1, -1, -1]"
"[120, 20210228, 1500, '27', 19, 'NO', 18, 'FCN', '1', '1', 61, 8, 4, 2, 2, 29, 1, 0, 0, 16, 1, 0, 0, 2, 509, 19, 123, 43, 39, 8, 1, 4, 3, 16, 8, 2, 3, 25, 0, 0, 0, 1, 313, 27, 107, 50]"
"[121, 20210228, 1500, '27', 14, 'SDR', 8, 'MHSC', '0', '0', -1, -1, -1, -1, -1, -1, -1, -1, -1, -1, -1, -1, -1, -1, -1, -1, -1, -1, -1, -1, -1, -1, -1, -1, -1, -1, -1, -1, -1, -1, -1, -1, -1, -1]"
"[122, 20210228, 1300, '27', 3, 'ASM', 17, 'SB29', '2', '0', -1, -1, -1, -1, -1, -1, -1, -1, -1, -1, -1, -1, -1, -1, -1, -1, -1, -1, -1, -1, -1, -1, -1, -1, -1, -1, -1, -1, -1, -1, -1, -1, -1, -1]"
"[123, 20210227, 1700, '27', 20, 'DFCO', 2, 'PSG', '0', '4', -1, -1, -1, -1, -1, -1, -1, -1, -1, -1, -1, -1, -1, -1, -1, -1, -1, -1, -1, -1, -1, -1, -1, -1, -1, -1, -1, -1, -1, -1, -1, -1, -1, -1]"
"[124, 20210227, 1300, '27', 12, 'FCGB', 10, 'FCM', '1', '2', -1, -1, -1, -1, -1, -1, -1, -1, -1, -1, -1, -1, -1, -1, -1, -1, -1, -1, -1, -1, -1, -1, -1, -1, -1, -1, -1, -1, -1, -1, -1, -1, -1, -1]"
"[125, 20210226, 2100, '27', 6, 'SRFC', 9, 'OGCN', '1', '2', -1, -1, -1, -1, -1, -1, -1, -1, -1, -1, -1, -1, -1, -1, -1, -1, -1, -1, -1, -1, -1, -1, -1, -1, -1, -1, -1, -1, -1, -1, -1, -1, -1, -1]"
"[126, 20210224, 1900, '21', 19, 'NO', 16, 'FCL', '1', '0', -1, -1, -1, -1, -1, -1, -1, -1, -1, -1, -1, -1, -1, -1, -1, -1, -1, -1, -1, -1, -1, -1, -1, -1, -1, -1, -1, -1, -1, -1, -1, -1, -1, -1]"
"[127, 20210221, 2100, '26', 2, 'PSG', 3, 'ASM', '0', '2', -1, -1, -1, -1, -1, -1, -1, -1, -1, -1, -1, -1, -1, -1, -1, -1, -1, -1, -1, -1, -1, -1, -1, -1, -1, -1, -1, -1, -1, -1, -1, -1, -1, -1]"
"[128, 20210221, 1705, '26', 16, 'FCL', 1, 'LOSC', '1', '4', -1, -1, -1, -1, -1, -1, -1, -1, -1, -1, -1, -1, -1, -1, -1, -1, -1, -1, -1, -1, -1, -1, -1, -1, -1, -1, -1, -1, -1, -1, -1, -1, -1, -1]"
"[129, 20210221, 1500, '26', 7, 'RCL', 20, 'DFCO', '2', '1', 55, 11, 4, 4, 3, 13, 5, 3, 3, 13, 0, 0, 0, 3, 472, 16, 122, 47, 45, 12, 4, 5, 3, 16, 4, 1, 2, 12, 1, 0, 0, 0, 379, 19, 97, 32]"
"[130, 20210221, 1500, '26', 9, 'OGCN', 10, 'FCM', '1', '2', -1, -1, -1, -1, -1, -1, -1, -1, -1, -1, -1, -1, -1, -1, -1, -1, -1, -1, -1, -1, -1, -1, -1, -1, -1, -1, -1, -1, -1, -1, -1, -1, -1, -1]"
"[131, 20210221, 1500, '26', 19, 'NO', 12, 'FCGB', '2', '0', 29, 8, 3, 1, 4, 13, 6, 1, 4, 10, 0, 0, 0, 0, 259, 27, 76, 32, 71, 11, 4, 4, 3, 11, 7, 1, 1, 12, 1, 0, 0, 3, 631, 12, 163, 68]"
"[132, 20210221, 1500, '26', 15, 'RCSA', 13, 'SCO', '0', '0', -1, -1, -1, -1, -1, -1, -1, -1, -1, -1, -1, -1, -1, -1, -1, -1, -1, -1, -1, -1, -1, -1, -1, -1, -1, -1, -1, -1, -1, -1, -1, -1, -1, -1]"
"[133, 20210221, 1300, '26', 8, 'MHSC', 6, 'SRFC', '2', '1', -1, -1, -1, -1, -1, -1, -1, -1, -1, -1, -1, -1, -1, -1, -1, -1, -1, -1, -1, -1, -1, -1, -1, -1, -1, -1, -1, -1, -1, -1, -1, -1, -1, -1]"
"[134, 20210220, 1700, '26', 18, 'FCN', 5, 'OM', '1', '1', 34, 6, 1, 4, 1, 17, 2, 2, 2, 11, 0, 0, 0, 4, 300, 12, 100, 33, 66, 7, 3, 4, 0, 13, 1, 3, 0, 15, 1, 0, 0, 1, 598, 14, 137, 29]"
"[135, 20210220, 1300, '26', 11, 'ASSE', 14, 'SDR', '1', '1', -1, -1, -1, -1, -1, -1, -1, -1, -1, -1, -1, -1, -1, -1, -1, -1, -1, -1, -1, -1, -1, -1, -1, -1, -1, -1, -1, -1, -1, -1, -1, -1, -1, -1]"
"[136, 20210219, 2100, '26', 17, 'SB29', 4, 'OL', '2', '3', -1, -1, -1, -1, -1, -1, -1, -1, -1, -1, -1, -1, -1, -1, -1, -1, -1, -1, -1, -1, -1, -1, -1, -1, -1, -1, -1, -1, -1, -1, -1, -1, -1, -1]"
"[137, 20210217, 2100, '11', 5, 'OM', 9, 'OGCN', '3', '2', -1, -1, -1, -1, -1, -1, -1, -1, -1, -1, -1, -1, -1, -1, -1, -1, -1, -1, -1, -1, -1, -1, -1, -1, -1, -1, -1, -1, -1, -1, -1, -1, -1, -1]"
"[138, 20210214, 2100, '25', 12, 'FCGB', 5, 'OM', '0', '0', 56, 18, 1, 13, 4, 20, 6, 3, 1, 13, 0, 0, 0, 1, 488, 9, 82, 77, 44, 5, 1, 3, 1, 16, 5, 3, 1, 17, 2, 0, 0, 1, 390, 11, 83, 48]"
"[139, 20210214, 1700, '25', 1, 'LOSC', 17, 'SB29', '0', '0', -1, -1, -1, -1, -1, -1, -1, -1, -1, -1, -1, -1, -1, -1, -1, -1, -1, -1, -1, -1, -1, -1, -1, -1, -1, -1, -1, -1, -1, -1, -1, -1, -1, -1]"
"[140, 20210214, 1500, '25', 13, 'SCO', 18, 'FCN', '1', '3', -1, -1, -1, -1, -1, -1, -1, -1, -1, -1, -1, -1, -1, -1, -1, -1, -1, -1, -1, -1, -1, -1, -1, -1, -1, -1, -1, -1, -1, -1, -1, -1, -1, -1]"
"[141, 20210214, 1500, '25', 20, 'DFCO', 19, 'NO', '0', '2', 51, 10, 3, 7, 0, 17, 3, 1, 2, 17, 1, 0, 0, 4, 474, 13, 121, 53, 49, 8, 4, 3, 1, 18, 0, 4, 3, 13, 0, 0, 0, 1, 472, 22, 124, 47]"
"[142, 20210214, 1500, '25', 10, 'FCM', 15, 'RCSA', '1', '2', -1, -1, -1, -1, -1, -1, -1, -1, -1, -1, -1, -1, -1, -1, -1, -1, -1, -1, -1, -1, -1, -1, -1, -1, -1, -1, -1, -1, -1, -1, -1, -1, -1, -1]"
"[143, 20210214, 1500, '25', 6, 'SRFC', 11, 'ASSE', '0', '2', -1, -1, -1, -1, -1, -1, -1, -1, -1, -1, -1, -1, -1, -1, -1, -1, -1, -1, -1, -1, -1, -1, -1, -1, -1, -1, -1, -1, -1, -1, -1, -1, -1, -1]"
"[144, 20210214, 1300, '25', 3, 'ASM', 16, 'FCL', '2', '2', -1, -1, -1, -1, -1, -1, -1, -1, -1, -1, -1, -1, -1, -1, -1, -1, -1, -1, -1, -1, -1, -1, -1, -1, -1, -1, -1, -1, -1, -1, -1, -1, -1, -1]"
"[145, 20210213, 2100, '25', 4, 'OL', 8, 'MHSC', '1', '2', -1, -1, -1, -1, -1, -1, -1, -1, -1, -1, -1, -1, -1, -1, -1, -1, -1, -1, -1, -1, -1, -1, -1, -1, -1, -1, -1, -1, -1, -1, -1, -1, -1, -1]"
"[146, 20210213, 1900, '25', 14, 'SDR', 7, 'RCL', '1', '1', -1, -1, -1, -1, -1, -1, -1, -1, -1, -1, -1, -1, -1, -1, -1, -1, -1, -1, -1, -1, -1, -1, -1, -1, -1, -1, -1, -1, -1, -1, -1, -1, -1, -1]"
"[147, 20210213, 1700, '25', 2, 'PSG', 9, 'OGCN', '2', '1', -1, -1, -1, -1, -1, -1, -1, -1, -1, -1, -1, -1, -1, -1, -1, -1, -1, -1, -1, -1, -1, -1, -1, -1, -1, -1, -1, -1, -1, -1, -1, -1, -1, -1]"
"[148, 20210207, 2100, '24', 5, 'OM', 2, 'PSG', '0', '2', 53, 12, 4, 4, 4, 15, 7, 2, 0, 12, 1, 0, 0, 1, 554, 18, 120, 54, 47, 9, 2, 7, 0, 14, 1, 3, 4, 12, 0, 0, 0, 2, 486, 13, 95, 35]"
"[149, 20210207, 1700, '24', 18, 'FCN', 1, 'LOSC', '0', '2', -1, -1, -1, -1, -1, -1, -1, -1, -1, -1, -1, -1, -1, -1, -1, -1, -1, -1, -1, -1, -1, -1, -1, -1, -1, -1, -1, -1, -1, -1, -1, -1, -1, -1]"
"[150, 20210207, 1500, '24', 8, 'MHSC', 20, 'DFCO', '4', '2', 59, 24, 11, 9, 4, 15, 9, 1, 3, 12, 0, 0, 0, 3, 463, 11, 118, 66, 41, 13, 5, 4, 4, 13, 4, 0, 7, 14, 1, 0, 0, 3, 338, 11, 87, 31]"
"[151, 20210207, 1500, '24', 9, 'OGCN', 13, 'SCO', '3', '0', -1, -1, -1, -1, -1, -1, -1, -1, -1, -1, -1, -1, -1, -1, -1, -1, -1, -1, -1, -1, -1, -1, -1, -1, -1, -1, -1, -1, -1, -1, -1, -1, -1, -1]"
"[152, 20210207, 1500, '24', 19, 'NO', 3, 'ASM', '3', '4', -1, -1, -1, -1, -1, -1, -1, -1, -1, -1, -1, -1, -1, -1, -1, -1, -1, -1, -1, -1, -1, -1, -1, -1, -1, -1, -1, -1, -1, -1, -1, -1, -1, -1]"
"[153, 20210207, 1500, '24', 11, 'ASSE', 10, 'FCM', '1', '0', -1, -1, -1, -1, -1, -1, -1, -1, -1, -1, -1, -1, -1, -1, -1, -1, -1, -1, -1, -1, -1, -1, -1, -1, -1, -1, -1, -1, -1, -1, -1, -1, -1, -1]"
"[154, 20210207, 1300, '24', 17, 'SB29', 12, 'FCGB', '2', '1', -1, -1, -1, -1, -1, -1, -1, -1, -1, -1, -1, -1, -1, -1, -1, -1, -1, -1, -1, -1, -1, -1, -1, -1, -1, -1, -1, -1, -1, -1, -1, -1, -1, -1]"
"[155, 20210206, 2100, '24', 7, 'RCL', 6, 'SRFC', '0', '0', -1, -1, -1, -1, -1, -1, -1, -1, -1, -1, -1, -1, -1, -1, -1, -1, -1, -1, -1, -1, -1, -1, -1, -1, -1, -1, -1, -1, -1, -1, -1, -1, -1, -1]"
"[156, 20210206, 1900, '24', 4, 'OL', 15, 'RCSA', '3', '0', 70, 16, 8, 4, 4, 10, 6, 2, 1, 7, 0, 0, 0, 2, 651, 9, 126, 62, 30, 8, 1, 3, 4, 9, 2, 0, 5, 10, 1, 0, 0, 2, 271, 21, 76, 26]"
"[157, 20210206, 1700, '24', 16, 'FCL', 14, 'SDR', '1', '0', -1, -1, -1, -1, -1, -1, -1, -1, -1, -1, -1, -1, -1, -1, -1, -1, -1, -1, -1, -1, -1, -1, -1, -1, -1, -1, -1, -1, -1, -1, -1, -1, -1, -1]"
"[158, 20210203, 2100, '23', 20, 'DFCO', 4, 'OL', '0', '1', -1, -1, -1, -1, -1, -1, -1, -1, -1, -1, -1, -1, -1, -1, -1, -1, -1, -1, -1, -1, -1, -1, -1, -1, -1, -1, -1, -1, -1, -1, -1, -1, -1, -1]"
"[159, 20210203, 2100, '23', 7, 'RCL', 5, 'OM', '2', '2', -1, -1, -1, -1, -1, -1, -1, -1, -1, -1, -1, -1, -1, -1, -1, -1, -1, -1, -1, -1, -1, -1, -1, -1, -1, -1, -1, -1, -1, -1, -1, -1, -1, -1]"
"[160, 20210203, 2100, '23', 3, 'ASM', 9, 'OGCN', '2', '1', -1, -1, -1, -1, -1, -1, -1, -1, -1, -1, -1, -1, -1, -1, -1, -1, -1, -1, -1, -1, -1, -1, -1, -1, -1, -1, -1, -1, -1, -1, -1, -1, -1, -1]"
"[161, 20210203, 2100, '23', 2, 'PSG', 19, 'NO', '3', '0', -1, -1, -1, -1, -1, -1, -1, -1, -1, -1, -1, -1, -1, -1, -1, -1, -1, -1, -1, -1, -1, -1, -1, -1, -1, -1, -1, -1, -1, -1, -1, -1, -1, -1]"
"[162, 20210203, 2100, '23', 11, 'ASSE', 18, 'FCN', '1', '1', -1, -1, -1, -1, -1, -1, -1, -1, -1, -1, -1, -1, -1, -1, -1, -1, -1, -1, -1, -1, -1, -1, -1, -1, -1, -1, -1, -1, -1, -1, -1, -1, -1, -1]"
"[163, 20210203, 1900, '23', 12, 'FCGB', 1, 'LOSC', '0', '3', -1, -1, -1, -1, -1, -1, -1, -1, -1, -1, -1, -1, -1, -1, -1, -1, -1, -1, -1, -1, -1, -1, -1, -1, -1, -1, -1, -1, -1, -1, -1, -1, -1, -1]"
"[164, 20210203, 1900, '23', 10, 'FCM', 8, 'MHSC', '1', '1', -1, -1, -1, -1, -1, -1, -1, -1, -1, -1, -1, -1, -1, -1, -1, -1, -1, -1, -1, -1, -1, -1, -1, -1, -1, -1, -1, -1, -1, -1, -1, -1, -1, -1]"
"[165, 20210203, 1900, '23', 14, 'SDR', 13, 'SCO', '0', '0', -1, -1, -1, -1, -1, -1, -1, -1, -1, -1, -1, -1, -1, -1, -1, -1, -1, -1, -1, -1, -1, -1, -1, -1, -1, -1, -1, -1, -1, -1, -1, -1, -1, -1]"
"[166, 20210203, 1900, '23', 6, 'SRFC', 16, 'FCL', '1', '1', -1, -1, -1, -1, -1, -1, -1, -1, -1, -1, -1, -1, -1, -1, -1, -1, -1, -1, -1, -1, -1, -1, -1, -1, -1, -1, -1, -1, -1, -1, -1, -1, -1, -1]"
"[167, 20210203, 1900, '23', 15, 'RCSA', 17, 'SB29', '2', '2', -1, -1, -1, -1, -1, -1, -1, -1, -1, -1, -1, -1, -1, -1, -1, -1, -1, -1, -1, -1, -1, -1, -1, -1, -1, -1, -1, -1, -1, -1, -1, -1, -1, -1]"
"[168, 20210131, 2100, '22', 18, 'FCN', 3, 'ASM', '1', '2', 32, 9, 3, 5, 1, 17, 2, 3, 3, 11, 1, 0, 0, 4, 292, 19, 85, 26, 68, 14, 5, 6, 3, 13, 8, 3, 2, 14, 0, 0, 0, 3, 635, 20, 150, 57]"
"[169, 20210131, 1700, '22', 1, 'LOSC', 20, 'DFCO', '1', '0', -1, -1, -1, -1, -1, -1, -1, -1, -1, -1, -1, -1, -1, -1, -1, -1, -1, -1, -1, -1, -1, -1, -1, -1, -1, -1, -1, -1, -1, -1, -1, -1, -1, -1]"
"[170, 20210131, 1500, '22', 13, 'SCO', 19, 'NO', '3', '1', -1, -1, -1, -1, -1, -1, -1, -1, -1, -1, -1, -1, -1, -1, -1, -1, -1, -1, -1, -1, -1, -1, -1, -1, -1, -1, -1, -1, -1, -1, -1, -1, -1, -1]"
"[171, 20210131, 1500, '22', 17, 'SB29', 10, 'FCM', '2', '4', -1, -1, -1, -1, -1, -1, -1, -1, -1, -1, -1, -1, -1, -1, -1, -1, -1, -1, -1, -1, -1, -1, -1, -1, -1, -1, -1, -1, -1, -1, -1, -1, -1, -1]"
"[172, 20210131, 1500, '22', 16, 'FCL', 2, 'PSG', '3', '2', -1, -1, -1, -1, -1, -1, -1, -1, -1, -1, -1, -1, -1, -1, -1, -1, -1, -1, -1, -1, -1, -1, -1, -1, -1, -1, -1, -1, -1, -1, -1, -1, -1, -1]"
"[173, 20210131, 1500, '22', 15, 'RCSA', 14, 'SDR', '0', '1', -1, -1, -1, -1, -1, -1, -1, -1, -1, -1, -1, -1, -1, -1, -1, -1, -1, -1, -1, -1, -1, -1, -1, -1, -1, -1, -1, -1, -1, -1, -1, -1, -1, -1]"
"[174, 20210131, 1300, '22', 9, 'OGCN', 11, 'ASSE', '0', '1', -1, -1, -1, -1, -1, -1, -1, -1, -1, -1, -1, -1, -1, -1, -1, -1, -1, -1, -1, -1, -1, -1, -1, -1, -1, -1, -1, -1, -1, -1, -1, -1, -1, -1]"
"[175, 20210130, 1700, '22', 8, 'MHSC', 7, 'RCL', '1', '2', -1, -1, -1, -1, -1, -1, -1, -1, -1, -1, -1, -1, -1, -1, -1, -1, -1, -1, -1, -1, -1, -1, -1, -1, -1, -1, -1, -1, -1, -1, -1, -1, -1, -1]"
"[176, 20210129, 2100, '22', 4, 'OL', 12, 'FCGB', '2', '1', -1, -1, -1, -1, -1, -1, -1, -1, -1, -1, -1, -1, -1, -1, -1, -1, -1, -1, -1, -1, -1, -1, -1, -1, -1, -1, -1, -1, -1, -1, -1, -1, -1, -1]"
"[177, 20210127, 2100, '20', 16, 'FCL', 20, 'DFCO', '3', '2', -1, -1, -1, -1, -1, -1, -1, -1, -1, -1, -1, -1, -1, -1, -1, -1, -1, -1, -1, -1, -1, -1, -1, -1, -1, -1, -1, -1, -1, -1, -1, -1, -1, -1]"
"[178, 20210124, 2100, '21', 11, 'ASSE', 4, 'OL', '0', '5', -1, -1, -1, -1, -1, -1, -1, -1, -1, -1, -1, -1, -1, -1, -1, -1, -1, -1, -1, -1, -1, -1, -1, -1, -1, -1, -1, -1, -1, -1, -1, -1, -1, -1]"
"[179, 20210124, 1700, '21', 6, 'SRFC', 1, 'LOSC', '0', '1', -1, -1, -1, -1, -1, -1, -1, -1, -1, -1, -1, -1, -1, -1, -1, -1, -1, -1, -1, -1, -1, -1, -1, -1, -1, -1, -1, -1, -1, -1, -1, -1, -1, -1]"
"[180, 20210124, 1500, '21', 20, 'DFCO', 15, 'RCSA', '1', '1', -1, -1, -1, -1, -1, -1, -1, -1, -1, -1, -1, -1, -1, -1, -1, -1, -1, -1, -1, -1, -1, -1, -1, -1, -1, -1, -1, -1, -1, -1, -1, -1, -1, -1]"
"[181, 20210124, 1500, '21', 10, 'FCM', 18, 'FCN', '2', '0', -1, -1, -1, -1, -1, -1, -1, -1, -1, -1, -1, -1, -1, -1, -1, -1, -1, -1, -1, -1, -1, -1, -1, -1, -1, -1, -1, -1, -1, -1, -1, -1, -1, -1]"
"[182, 20210124, 1500, '21', 14, 'SDR', 17, 'SB29', '1', '0', -1, -1, -1, -1, -1, -1, -1, -1, -1, -1, -1, -1, -1, -1, -1, -1, -1, -1, -1, -1, -1, -1, -1, -1, -1, -1, -1, -1, -1, -1, -1, -1, -1, -1]"
"[183, 20210124, 1300, '21', 12, 'FCGB', 13, 'SCO', '2', '1', -1, -1, -1, -1, -1, -1, -1, -1, -1, -1, -1, -1, -1, -1, -1, -1, -1, -1, -1, -1, -1, -1, -1, -1, -1, -1, -1, -1, -1, -1, -1, -1, -1, -1]"
"[184, 20210123, 2100, '21', 3, 'ASM', 5, 'OM', '3', '1', -1, -1, -1, -1, -1, -1, -1, -1, -1, -1, -1, -1, -1, -1, -1, -1, -1, -1, -1, -1, -1, -1, -1, -1, -1, -1, -1, -1, -1, -1, -1, -1, -1, -1]"
"[185, 20210123, 1700, '21', 7, 'RCL', 9, 'OGCN', '0', '1', -1, -1, -1, -1, -1, -1, -1, -1, -1, -1, -1, -1, -1, -1, -1, -1, -1, -1, -1, -1, -1, -1, -1, -1, -1, -1, -1, -1, -1, -1, -1, -1, -1, -1]"
"[186, 20210122, 2100, '21', 2, 'PSG', 8, 'MHSC', '4', '0', 73, 26, 8, 11, 7, 13, 7, 3, 1, 16, 0, 0, 0, 2, 620, 16, 144, 69, 27, 5, 1, 4, 0, 19, 1, 1, 4, 12, 1, 0, 0, 1, 234, 16, 61, 20]"
"[187, 20210120, 2100, '9', 5, 'OM', 7, 'RCL', '0', '1', -1, -1, -1, -1, -1, -1, -1, -1, -1, -1, -1, -1, -1, -1, -1, -1, -1, -1, -1, -1, -1, -1, -1, -1, -1, -1, -1, -1, -1, -1, -1, -1, -1, -1]"
"[188, 20210117, 2100, '20', 4, 'OL', 10, 'FCM', '0', '1', -1, -1, -1, -1, -1, -1, -1, -1, -1, -1, -1, -1, -1, -1, -1, -1, -1, -1, -1, -1, -1, -1, -1, -1, -1, -1, -1, -1, -1, -1, -1, -1, -1, -1]"
"[189, 20210117, 1700, '20', 1, 'LOSC', 14, 'SDR', '2', '1', -1, -1, -1, -1, -1, -1, -1, -1, -1, -1, -1, -1, -1, -1, -1, -1, -1, -1, -1, -1, -1, -1, -1, -1, -1, -1, -1, -1, -1, -1, -1, -1, -1, -1]"
"[190, 20210117, 1500, '20', 18, 'FCN', 7, 'RCL', '1', '1', -1, -1, -1, -1, -1, -1, -1, -1, -1, -1, -1, -1, -1, -1, -1, -1, -1, -1, -1, -1, -1, -1, -1, -1, -1, -1, -1, -1, -1, -1, -1, -1, -1, -1]"
"[191, 20210117, 1500, '20', 9, 'OGCN', 12, 'FCGB', '0', '3', -1, -1, -1, -1, -1, -1, -1, -1, -1, -1, -1, -1, -1, -1, -1, -1, -1, -1, -1, -1, -1, -1, -1, -1, -1, -1, -1, -1, -1, -1, -1, -1, -1, -1]"
"[192, 20210117, 1500, '20', 15, 'RCSA', 11, 'ASSE', '1', '0', -1, -1, -1, -1, -1, -1, -1, -1, -1, -1, -1, -1, -1, -1, -1, -1, -1, -1, -1, -1, -1, -1, -1, -1, -1, -1, -1, -1, -1, -1, -1, -1, -1, -1]"
"[193, 20210117, 1300, '20', 17, 'SB29', 6, 'SRFC', '1', '2', -1, -1, -1, -1, -1, -1, -1, -1, -1, -1, -1, -1, -1, -1, -1, -1, -1, -1, -1, -1, -1, -1, -1, -1, -1, -1, -1, -1, -1, -1, -1, -1, -1, -1]"
"[194, 20210116, 2100, '20', 13, 'SCO', 2, 'PSG', '0', '1', -1, -1, -1, -1, -1, -1, -1, -1, -1, -1, -1, -1, -1, -1, -1, -1, -1, -1, -1, -1, -1, -1, -1, -1, -1, -1, -1, -1, -1, -1, -1, -1, -1, -1]"
"[195, 20210116, 1700, '20', 5, 'OM', 19, 'NO', '1', '2', -1, -1, -1, -1, -1, -1, -1, -1, -1, -1, -1, -1, -1, -1, -1, -1, -1, -1, -1, -1, -1, -1, -1, -1, -1, -1, -1, -1, -1, -1, -1, -1, -1, -1]"
"[196, 20210115, 2100, '20', 8, 'MHSC', 3, 'ASM', '2', '3', -1, -1, -1, -1, -1, -1, -1, -1, -1, -1, -1, -1, -1, -1, -1, -1, -1, -1, -1, -1, -1, -1, -1, -1, -1, -1, -1, -1, -1, -1, -1, -1, -1, -1]"
"[197, 20210109, 2100, '19', 12, 'FCGB', 16, 'FCL', '2', '1', -1, -1, -1, -1, -1, -1, -1, -1, -1, -1, -1, -1, -1, -1, -1, -1, -1, -1, -1, -1, -1, -1, -1, -1, -1, -1, -1, -1, -1, -1, -1, -1, -1, -1]"
"[198, 20210109, 2100, '19', 20, 'DFCO', 5, 'OM', '0', '0', -1, -1, -1, -1, -1, -1, -1, -1, -1, -1, -1, -1, -1, -1, -1, -1, -1, -1, -1, -1, -1, -1, -1, -1, -1, -1, -1, -1, -1, -1, -1, -1, -1, -1]"
"[199, 20210109, 2100, '19', 7, 'RCL', 15, 'RCSA', '0', '1', -1, -1, -1, -1, -1, -1, -1, -1, -1, -1, -1, -1, -1, -1, -1, -1, -1, -1, -1, -1, -1, -1, -1, -1, -1, -1, -1, -1, -1, -1, -1, -1, -1, -1]"
"[200, 20210109, 2100, '19', 10, 'FCM', 9, 'OGCN', '1', '1', -1, -1, -1, -1, -1, -1, -1, -1, -1, -1, -1, -1, -1, -1, -1, -1, -1, -1, -1, -1, -1, -1, -1, -1, -1, -1, -1, -1, -1, -1, -1, -1, -1, -1]"
"[201, 20210109, 2100, '19', 3, 'ASM', 13, 'SCO', '3', '0', -1, -1, -1, -1, -1, -1, -1, -1, -1, -1, -1, -1, -1, -1, -1, -1, -1, -1, -1, -1, -1, -1, -1, -1, -1, -1, -1, -1, -1, -1, -1, -1, -1, -1]"
"[202, 20210109, 2100, '19', 8, 'MHSC', 18, 'FCN', '1', '1', -1, -1, -1, -1, -1, -1, -1, -1, -1, -1, -1, -1, -1, -1, -1, -1, -1, -1, -1, -1, -1, -1, -1, -1, -1, -1, -1, -1, -1, -1, -1, -1, -1, -1]"
"[203, 20210109, 2100, '19', 19, 'NO', 1, 'LOSC', '0', '1', -1, -1, -1, -1, -1, -1, -1, -1, -1, -1, -1, -1, -1, -1, -1, -1, -1, -1, -1, -1, -1, -1, -1, -1, -1, -1, -1, -1, -1, -1, -1, -1, -1, -1]"
"[204, 20210109, 2100, '19', 2, 'PSG', 17, 'SB29', '3', '0', -1, -1, -1, -1, -1, -1, -1, -1, -1, -1, -1, -1, -1, -1, -1, -1, -1, -1, -1, -1, -1, -1, -1, -1, -1, -1, -1, -1, -1, -1, -1, -1, -1, -1]"
"[205, 20210109, 2100, '19', 14, 'SDR', 11, 'ASSE', '3', '1', -1, -1, -1, -1, -1, -1, -1, -1, -1, -1, -1, -1, -1, -1, -1, -1, -1, -1, -1, -1, -1, -1, -1, -1, -1, -1, -1, -1, -1, -1, -1, -1, -1, -1]"
"[206, 20210109, 2100, '19', 6, 'SRFC', 4, 'OL', '2', '2', -1, -1, -1, -1, -1, -1, -1, -1, -1, -1, -1, -1, -1, -1, -1, -1, -1, -1, -1, -1, -1, -1, -1, -1, -1, -1, -1, -1, -1, -1, -1, -1, -1, -1]"
"[207, 20210106, 2100, '18', 1, 'LOSC', 13, 'SCO', '1', '2', -1, -1, -1, -1, -1, -1, -1, -1, -1, -1, -1, -1, -1, -1, -1, -1, -1, -1, -1, -1, -1, -1, -1, -1, -1, -1, -1, -1, -1, -1, -1, -1, -1, -1]"
"[208, 20210106, 2100, '18', 4, 'OL', 7, 'RCL', '3', '2', -1, -1, -1, -1, -1, -1, -1, -1, -1, -1, -1, -1, -1, -1, -1, -1, -1, -1, -1, -1, -1, -1, -1, -1, -1, -1, -1, -1, -1, -1, -1, -1, -1, -1]"
"[209, 20210106, 2100, '18', 5, 'OM', 8, 'MHSC', '3', '1', -1, -1, -1, -1, -1, -1, -1, -1, -1, -1, -1, -1, -1, -1, -1, -1, -1, -1, -1, -1, -1, -1, -1, -1, -1, -1, -1, -1, -1, -1, -1, -1, -1, -1]"
"[210, 20210106, 2100, '18', 14, 'SDR', 20, 'DFCO', '0', '0', -1, -1, -1, -1, -1, -1, -1, -1, -1, -1, -1, -1, -1, -1, -1, -1, -1, -1, -1, -1, -1, -1, -1, -1, -1, -1, -1, -1, -1, -1, -1, -1, -1, -1]"
"[211, 20210106, 2100, '18', 11, 'ASSE', 2, 'PSG', '1', '1', -1, -1, -1, -1, -1, -1, -1, -1, -1, -1, -1, -1, -1, -1, -1, -1, -1, -1, -1, -1, -1, -1, -1, -1, -1, -1, -1, -1, -1, -1, -1, -1, -1, -1]"
"[212, 20210106, 1900, '18', 17, 'SB29', 9, 'OGCN', '2', '0', -1, -1, -1, -1, -1, -1, -1, -1, -1, -1, -1, -1, -1, -1, -1, -1, -1, -1, -1, -1, -1, -1, -1, -1, -1, -1, -1, -1, -1, -1, -1, -1, -1, -1]"
"[213, 20210106, 1900, '18', 16, 'FCL', 3, 'ASM', '2', '5', 41, 11, 5, 4, 2, 10, 5, 2, 4, 9, 1, 0, 0, 1, 386, 11, 81, 38, 59, 15, 9, 1, 5, 12, 8, 1, 3, 9, 0, 0, 0, 3, 579, 20, 129, 54]"
"[214, 20210106, 1900, '18', 10, 'FCM', 12, 'FCGB', '0', '0', -1, -1, -1, -1, -1, -1, -1, -1, -1, -1, -1, -1, -1, -1, -1, -1, -1, -1, -1, -1, -1, -1, -1, -1, -1, -1, -1, -1, -1, -1, -1, -1, -1, -1]"
"[215, 20210106, 1900, '18', 18, 'FCN', 6, 'SRFC', '0', '0', -1, -1, -1, -1, -1, -1, -1, -1, -1, -1, -1, -1, -1, -1, -1, -1, -1, -1, -1, -1, -1, -1, -1, -1, -1, -1, -1, -1, -1, -1, -1, -1, -1, -1]"
"[216, 20210106, 1900, '18', 15, 'RCSA', 19, 'NO', '5', '0', -1, -1, -1, -1, -1, -1, -1, -1, -1, -1, -1, -1, -1, -1, -1, -1, -1, -1, -1, -1, -1, -1, -1, -1, -1, -1, -1, -1, -1, -1, -1, -1, -1, -1]"
"[217, 20201223, 2100, '17', 13, 'SCO', 5, 'OM', '2', '1', -1, -1, -1, -1, -1, -1, -1, -1, -1, -1, -1, -1, -1, -1, -1, -1, -1, -1, -1, -1, -1, -1, -1, -1, -1, -1, -1, -1, -1, -1, -1, -1, -1, -1]"
"[218, 20201223, 2100, '17', 4, 'OL', 18, 'FCN', '3', '0', -1, -1, -1, -1, -1, -1, -1, -1, -1, -1, -1, -1, -1, -1, -1, -1, -1, -1, -1, -1, -1, -1, -1, -1, -1, -1, -1, -1, -1, -1, -1, -1, -1, -1]"
"[219, 20201223, 2100, '17', 3, 'ASM', 11, 'ASSE', '2', '2', 39, 2, 2, 0, 0, 15, 0, 0, 4, 12, 1, 0, 0, 3, 320, 21, 79, 14, 61, 18, 6, 11, 1, 11, 10, 2, 0, 13, 0, 0, 0, 2, 472, 9, 152, 63]"
"[220, 20201223, 2100, '17', 8, 'MHSC', 1, 'LOSC', '2', '3', -1, -1, -1, -1, -1, -1, -1, -1, -1, -1, -1, -1, -1, -1, -1, -1, -1, -1, -1, -1, -1, -1, -1, -1, -1, -1, -1, -1, -1, -1, -1, -1, -1, -1]"
"[221, 20201223, 2100, '17', 2, 'PSG', 15, 'RCSA', '4', '0', -1, -1, -1, -1, -1, -1, -1, -1, -1, -1, -1, -1, -1, -1, -1, -1, -1, -1, -1, -1, -1, -1, -1, -1, -1, -1, -1, -1, -1, -1, -1, -1, -1, -1]"
"[222, 20201223, 1900, '17', 12, 'FCGB', 14, 'SDR', '1', '3', -1, -1, -1, -1, -1, -1, -1, -1, -1, -1, -1, -1, -1, -1, -1, -1, -1, -1, -1, -1, -1, -1, -1, -1, -1, -1, -1, -1, -1, -1, -1, -1, -1, -1]"
"[223, 20201223, 1900, '17', 7, 'RCL', 17, 'SB29', '2', '1', -1, -1, -1, -1, -1, -1, -1, -1, -1, -1, -1, -1, -1, -1, -1, -1, -1, -1, -1, -1, -1, -1, -1, -1, -1, -1, -1, -1, -1, -1, -1, -1, -1, -1]"
"[224, 20201223, 1900, '17', 9, 'OGCN', 16, 'FCL', '2', '2', 42, 3, 3, 0, 0, 13, 0, 1, 4, 11, 1, 0, 0, 3, 432, 9, 60, 14, 58, 24, 6, 11, 7, 11, 10, 0, 1, 13, 0, 0, 0, 4, 578, 18, 135, 55]"
"[225, 20201223, 1900, '17', 19, 'NO', 20, 'DFCO', '1', '3', 46, 8, 1, 4, 3, 16, 7, 3, 1, 10, 1, 0, 0, 2, 381, 15, 97, 44, 54, 14, 4, 5, 5, 13, 3, 5, 0, 11, 0, 0, 0, 2, 445, 14, 109, 45]"
"[226, 20201223, 1900, '17', 6, 'SRFC', 10, 'FCM', '1', '0', -1, -1, -1, -1, -1, -1, -1, -1, -1, -1, -1, -1, -1, -1, -1, -1, -1, -1, -1, -1, -1, -1, -1, -1, -1, -1, -1, -1, -1, -1, -1, -1, -1, -1]"
"[227, 20201220, 2100, '16', 1, 'LOSC', 2, 'PSG', '0', '0', -1, -1, -1, -1, -1, -1, -1, -1, -1, -1, -1, -1, -1, -1, -1, -1, -1, -1, -1, -1, -1, -1, -1, -1, -1, -1, -1, -1, -1, -1, -1, -1, -1, -1]"
"[228, 20201220, 1700, '16', 16, 'FCL', 6, 'SRFC', '0', '3', -1, -1, -1, -1, -1, -1, -1, -1, -1, -1, -1, -1, -1, -1, -1, -1, -1, -1, -1, -1, -1, -1, -1, -1, -1, -1, -1, -1, -1, -1, -1, -1, -1, -1]"
"[229, 20201220, 1500, '16', 20, 'DFCO', 3, 'ASM', '0', '1', -1, -1, -1, -1, -1, -1, -1, -1, -1, -1, -1, -1, -1, -1, -1, -1, -1, -1, -1, -1, -1, -1, -1, -1, -1, -1, -1, -1, -1, -1, -1, -1, -1, -1]"
"[230, 20201220, 1500, '16', 18, 'FCN', 13, 'SCO', '1', '1', -1, -1, -1, -1, -1, -1, -1, -1, -1, -1, -1, -1, -1, -1, -1, -1, -1, -1, -1, -1, -1, -1, -1, -1, -1, -1, -1, -1, -1, -1, -1, -1, -1, -1]"
"[231, 20201220, 1500, '16', 11, 'ASSE', 19, 'NO', '2', '2', -1, -1, -1, -1, -1, -1, -1, -1, -1, -1, -1, -1, -1, -1, -1, -1, -1, -1, -1, -1, -1, -1, -1, -1, -1, -1, -1, -1, -1, -1, -1, -1, -1, -1]"
"[232, 20201220, 1500, '16', 15, 'RCSA', 12, 'FCGB', '0', '2', -1, -1, -1, -1, -1, -1, -1, -1, -1, -1, -1, -1, -1, -1, -1, -1, -1, -1, -1, -1, -1, -1, -1, -1, -1, -1, -1, -1, -1, -1, -1, -1, -1, -1]"
"[233, 20201220, 1300, '16', 17, 'SB29', 8, 'MHSC', '2', '2', -1, -1, -1, -1, -1, -1, -1, -1, -1, -1, -1, -1, -1, -1, -1, -1, -1, -1, -1, -1, -1, -1, -1, -1, -1, -1, -1, -1, -1, -1, -1, -1, -1, -1]"
"[234, 20201219, 2100, '16', 9, 'OGCN', 4, 'OL', '1', '4', -1, -1, -1, -1, -1, -1, -1, -1, -1, -1, -1, -1, -1, -1, -1, -1, -1, -1, -1, -1, -1, -1, -1, -1, -1, -1, -1, -1, -1, -1, -1, -1, -1, -1]"
"[235, 20201219, 1900, '16', 5, 'OM', 14, 'SDR', '1', '1', -1, -1, -1, -1, -1, -1, -1, -1, -1, -1, -1, -1, -1, -1, -1, -1, -1, -1, -1, -1, -1, -1, -1, -1, -1, -1, -1, -1, -1, -1, -1, -1, -1, -1]"
"[236, 20201219, 1700, '16', 10, 'FCM', 7, 'RCL', '2', '0', -1, -1, -1, -1, -1, -1, -1, -1, -1, -1, -1, -1, -1, -1, -1, -1, -1, -1, -1, -1, -1, -1, -1, -1, -1, -1, -1, -1, -1, -1, -1, -1, -1, -1]"
"[237, 20201216, 2100, '15', 12, 'FCGB', 11, 'ASSE', '1', '2', -1, -1, -1, -1, -1, -1, -1, -1, -1, -1, -1, -1, -1, -1, -1, -1, -1, -1, -1, -1, -1, -1, -1, -1, -1, -1, -1, -1, -1, -1, -1, -1, -1, -1]"
"[238, 20201216, 2100, '15', 4, 'OL', 17, 'SB29', '2', '2', 56, 28, 11, 10, 7, 5, 12, 1, 1, 13, 0, 0, 0, 3, 526, 7, 136, 71, 44, 8, 2, 3, 3, 13, 2, 2, 9, 5, 1, 0, 0, 0, 426, 9, 76, 23]"
"[239, 20201216, 2100, '15', 3, 'ASM', 7, 'RCL', '0', '3', 32, 7, 1, 4, 2, 17, 3, 3, 1, 8, 1, 0, 0, 2, 325, 20, 86, 25, 68, 8, 4, 3, 1, 11, 3, 0, 1, 17, 0, 0, 0, 4, 711, 17, 143, 30]"
"[240, 20201216, 2100, '15', 2, 'PSG', 16, 'FCL', '2', '0', 75, 24, 8, 10, 6, 9, 9, 0, 3, 19, 0, 0, 0, 3, 772, 17, 156, 78, 25, 8, 3, 4, 1, 19, 2, 0, 6, 9, 1, 0, 0, 0, 258, 24, 68, 22]"
"[241, 20201216, 2100, '15', 6, 'SRFC', 5, 'OM', '2', '1', 67, 15, 5, 4, 6, 15, 9, 1, 0, 19, 0, 0, 0, 1, 575, 14, 132, 62, 33, 8, 1, 6, 1, 20, 1, 0, 3, 15, 1, 0, 0, 4, 288, 11, 76, 14]"
"[242, 20201216, 1900, '15', 13, 'SCO', 15, 'RCSA', '0', '2', -1, -1, -1, -1, -1, -1, -1, -1, -1, -1, -1, -1, -1, -1, -1, -1, -1, -1, -1, -1, -1, -1, -1, -1, -1, -1, -1, -1, -1, -1, -1, -1, -1, -1]"
"[243, 20201216, 1900, '15', 20, 'DFCO', 1, 'LOSC', '0', '2', -1, -1, -1, -1, -1, -1, -1, -1, -1, -1, -1, -1, -1, -1, -1, -1, -1, -1, -1, -1, -1, -1, -1, -1, -1, -1, -1, -1, -1, -1, -1, -1, -1, -1]"
"[244, 20201216, 1900, '15', 8, 'MHSC', 10, 'FCM', '0', '2', -1, -1, -1, -1, -1, -1, -1, -1, -1, -1, -1, -1, -1, -1, -1, -1, -1, -1, -1, -1, -1, -1, -1, -1, -1, -1, -1, -1, -1, -1, -1, -1, -1, -1]"
"[245, 20201216, 1900, '15', 19, 'NO', 9, 'OGCN', '0', '2', 44, 15, 4, 9, 2, 10, 4, 1, 4, 8, 0, 0, 0, 1, 418, 23, 112, 51, 56, 14, 6, 6, 2, 9, 5, 0, 4, 10, 1, 0, 0, 2, 528, 16, 102, 36]"
"[246, 20201216, 1900, '15', 14, 'SDR', 18, 'FCN', '3', '2', -1, -1, -1, -1, -1, -1, -1, -1, -1, -1, -1, -1, -1, -1, -1, -1, -1, -1, -1, -1, -1, -1, -1, -1, -1, -1, -1, -1, -1, -1, -1, -1, -1, -1]"
"[247, 20201213, 2100, '14', 2, 'PSG', 4, 'OL', '0', '1', 65, 7, 1, 3, 3, 20, 5, 2, 4, 11, 0, 0, 0, 4, 601, 12, 111, 69, 35, 9, 5, 1, 3, 13, 5, 3, 1, 17, 1, 0, 0, 1, 331, 17, 78, 50]"
"[248, 20201213, 1700, '14', 1, 'LOSC', 12, 'FCGB', '2', '1', -1, -1, -1, -1, -1, -1, -1, -1, -1, -1, -1, -1, -1, -1, -1, -1, -1, -1, -1, -1, -1, -1, -1, -1, -1, -1, -1, -1, -1, -1, -1, -1, -1, -1]"
"[249, 20201213, 1500, '14', 17, 'SB29', 14, 'SDR', '2', '1', -1, -1, -1, -1, -1, -1, -1, -1, -1, -1, -1, -1, -1, -1, -1, -1, -1, -1, -1, -1, -1, -1, -1, -1, -1, -1, -1, -1, -1, -1, -1, -1, -1, -1]"
"[250, 20201213, 1500, '14', 16, 'FCL', 19, 'NO', '3', '0', -1, -1, -1, -1, -1, -1, -1, -1, -1, -1, -1, -1, -1, -1, -1, -1, -1, -1, -1, -1, -1, -1, -1, -1, -1, -1, -1, -1, -1, -1, -1, -1, -1, -1]"
"[251, 20201213, 1500, '14', 18, 'FCN', 20, 'DFCO', '1', '1', -1, -1, -1, -1, -1, -1, -1, -1, -1, -1, -1, -1, -1, -1, -1, -1, -1, -1, -1, -1, -1, -1, -1, -1, -1, -1, -1, -1, -1, -1, -1, -1, -1, -1]"
"[252, 20201213, 1500, '14', 15, 'RCSA', 10, 'FCM', '2', '2', -1, -1, -1, -1, -1, -1, -1, -1, -1, -1, -1, -1, -1, -1, -1, -1, -1, -1, -1, -1, -1, -1, -1, -1, -1, -1, -1, -1, -1, -1, -1, -1, -1, -1]"
"[253, 20201213, 1300, '14', 9, 'OGCN', 6, 'SRFC', '0', '1', -1, -1, -1, -1, -1, -1, -1, -1, -1, -1, -1, -1, -1, -1, -1, -1, -1, -1, -1, -1, -1, -1, -1, -1, -1, -1, -1, -1, -1, -1, -1, -1, -1, -1]"
"[254, 20201212, 2100, '14', 7, 'RCL', 8, 'MHSC', '2', '3', -1, -1, -1, -1, -1, -1, -1, -1, -1, -1, -1, -1, -1, -1, -1, -1, -1, -1, -1, -1, -1, -1, -1, -1, -1, -1, -1, -1, -1, -1, -1, -1, -1, -1]"
"[255, 20201212, 1700, '14', 5, 'OM', 3, 'ASM', '2', '1', -1, -1, -1, -1, -1, -1, -1, -1, -1, -1, -1, -1, -1, -1, -1, -1, -1, -1, -1, -1, -1, -1, -1, -1, -1, -1, -1, -1, -1, -1, -1, -1, -1, -1]"
"[256, 20201211, 2100, '14', 11, 'ASSE', 13, 'SCO', '0', '0', -1, -1, -1, -1, -1, -1, -1, -1, -1, -1, -1, -1, -1, -1, -1, -1, -1, -1, -1, -1, -1, -1, -1, -1, -1, -1, -1, -1, -1, -1, -1, -1, -1, -1]"
"[257, 20201206, 2100, '13', 10, 'FCM', 4, 'OL', '1', '3', 46, 12, 5, 4, 3, 14, 5, 0, 2, 14, 1, 0, 0, 1, 433, 14, 92, 51, 54, 18, 5, 8, 5, 14, 6, 1, 4, 14, 1, 0, 0, 0, 517, 12, 96, 36]"
"[258, 20201206, 1700, '13', 14, 'SDR', 9, 'OGCN', '0', '0', -1, -1, -1, -1, -1, -1, -1, -1, -1, -1, -1, -1, -1, -1, -1, -1, -1, -1, -1, -1, -1, -1, -1, -1, -1, -1, -1, -1, -1, -1, -1, -1, -1, -1]"
"[259, 20201206, 1500, '13', 13, 'SCO', 16, 'FCL', '2', '0', -1, -1, -1, -1, -1, -1, -1, -1, -1, -1, -1, -1, -1, -1, -1, -1, -1, -1, -1, -1, -1, -1, -1, -1, -1, -1, -1, -1, -1, -1, -1, -1, -1, -1]"
"[260, 20201206, 1500, '13', 12, 'FCGB', 17, 'SB29', '1', '0', -1, -1, -1, -1, -1, -1, -1, -1, -1, -1, -1, -1, -1, -1, -1, -1, -1, -1, -1, -1, -1, -1, -1, -1, -1, -1, -1, -1, -1, -1, -1, -1, -1, -1]"
"[261, 20201206, 1500, '13', 20, 'DFCO', 11, 'ASSE', '0', '0', -1, -1, -1, -1, -1, -1, -1, -1, -1, -1, -1, -1, -1, -1, -1, -1, -1, -1, -1, -1, -1, -1, -1, -1, -1, -1, -1, -1, -1, -1, -1, -1, -1, -1]"
"[262, 20201206, 1500, '13', 18, 'FCN', 15, 'RCSA', '0', '4', -1, -1, -1, -1, -1, -1, -1, -1, -1, -1, -1, -1, -1, -1, -1, -1, -1, -1, -1, -1, -1, -1, -1, -1, -1, -1, -1, -1, -1, -1, -1, -1, -1, -1]"
"[263, 20201206, 1300, '13', 1, 'LOSC', 3, 'ASM', '2', '1', -1, -1, -1, -1, -1, -1, -1, -1, -1, -1, -1, -1, -1, -1, -1, -1, -1, -1, -1, -1, -1, -1, -1, -1, -1, -1, -1, -1, -1, -1, -1, -1, -1, -1]"
"[264, 20201205, 2100, '13', 8, 'MHSC', 2, 'PSG', '1', '3', -1, -1, -1, -1, -1, -1, -1, -1, -1, -1, -1, -1, -1, -1, -1, -1, -1, -1, -1, -1, -1, -1, -1, -1, -1, -1, -1, -1, -1, -1, -1, -1, -1, -1]"
"[265, 20201205, 1700, '13', 6, 'SRFC', 7, 'RCL', '0', '2', -1, -1, -1, -1, -1, -1, -1, -1, -1, -1, -1, -1, -1, -1, -1, -1, -1, -1, -1, -1, -1, -1, -1, -1, -1, -1, -1, -1, -1, -1, -1, -1, -1, -1]"
"[266, 20201204, 2100, '13', 19, 'NO', 5, 'OM', '0', '2', 32, 7, 0, 6, 1, 22, 1, 2, 2, 11, 1, 0, 0, 3, 297, 10, 93, 19, 68, 17, 4, 7, 6, 14, 8, 4, 0, 18, 1, 0, 0, 4, 635, 13, 129, 43]"
"[267, 20201129, 2100, '12', 11, 'ASSE', 1, 'LOSC', '1', '1', -1, -1, -1, -1, -1, -1, -1, -1, -1, -1, -1, -1, -1, -1, -1, -1, -1, -1, -1, -1, -1, -1, -1, -1, -1, -1, -1, -1, -1, -1, -1, -1, -1, -1]"
"[268, 20201129, 1700, '12', 9, 'OGCN', 20, 'DFCO', '1', '3', -1, -1, -1, -1, -1, -1, -1, -1, -1, -1, -1, -1, -1, -1, -1, -1, -1, -1, -1, -1, -1, -1, -1, -1, -1, -1, -1, -1, -1, -1, -1, -1, -1, -1]"
"[269, 20201129, 1500, '12', 7, 'RCL', 13, 'SCO', '1', '3', -1, -1, -1, -1, -1, -1, -1, -1, -1, -1, -1, -1, -1, -1, -1, -1, -1, -1, -1, -1, -1, -1, -1, -1, -1, -1, -1, -1, -1, -1, -1, -1, -1, -1]"
"[270, 20201129, 1500, '12', 16, 'FCL', 8, 'MHSC', '0', '1', -1, -1, -1, -1, -1, -1, -1, -1, -1, -1, -1, -1, -1, -1, -1, -1, -1, -1, -1, -1, -1, -1, -1, -1, -1, -1, -1, -1, -1, -1, -1, -1, -1, -1]"
"[271, 20201129, 1500, '12', 10, 'FCM', 17, 'SB29', '0', '2', -1, -1, -1, -1, -1, -1, -1, -1, -1, -1, -1, -1, -1, -1, -1, -1, -1, -1, -1, -1, -1, -1, -1, -1, -1, -1, -1, -1, -1, -1, -1, -1, -1, -1]"
"[272, 20201129, 1500, '12', 3, 'ASM', 19, 'NO', '3', '0', 68, 17, 5, 6, 6, 10, 8, 2, 2, 16, 0, 0, 0, 1, 614, 17, 141, 76, 32, 6, 2, 4, 0, 18, 3, 1, 2, 9, 1, 0, 0, 1, 293, 18, 97, 25]"
"[273, 20201129, 1300, '12', 4, 'OL', 14, 'SDR', '3', '0', 64, 15, 4, 9, 2, 14, 4, 3, 2, 19, 0, 0, 0, 2, 635, 17, 142, 52, 36, 9, 2, 5, 2, 24, 2, 3, 1, 11, 1, 0, 0, 1, 352, 24, 83, 40]"
"[274, 20201128, 2100, '12', 2, 'PSG', 12, 'FCGB', '2', '2', -1, -1, -1, -1, -1, -1, -1, -1, -1, -1, -1, -1, -1, -1, -1, -1, -1, -1, -1, -1, -1, -1, -1, -1, -1, -1, -1, -1, -1, -1, -1, -1, -1, -1]"
"[275, 20201128, 1700, '12', 5, 'OM', 18, 'FCN', '3', '1', -1, -1, -1, -1, -1, -1, -1, -1, -1, -1, -1, -1, -1, -1, -1, -1, -1, -1, -1, -1, -1, -1, -1, -1, -1, -1, -1, -1, -1, -1, -1, -1, -1, -1]"
"[276, 20201127, 2100, '12', 15, 'RCSA', 6, 'SRFC', '1', '1', -1, -1, -1, -1, -1, -1, -1, -1, -1, -1, -1, -1, -1, -1, -1, -1, -1, -1, -1, -1, -1, -1, -1, -1, -1, -1, -1, -1, -1, -1, -1, -1, -1, -1]"
"[277, 20201125, 1900, '8', 7, 'RCL', 18, 'FCN', '1', '1', -1, -1, -1, -1, -1, -1, -1, -1, -1, -1, -1, -1, -1, -1, -1, -1, -1, -1, -1, -1, -1, -1, -1, -1, -1, -1, -1, -1, -1, -1, -1, -1, -1, -1]"
"[278, 20201122, 2100, '11', 1, 'LOSC', 16, 'FCL', '4', '0', -1, -1, -1, -1, -1, -1, -1, -1, -1, -1, -1, -1, -1, -1, -1, -1, -1, -1, -1, -1, -1, -1, -1, -1, -1, -1, -1, -1, -1, -1, -1, -1, -1, -1]"
"[279, 20201122, 1700, '11', 13, 'SCO', 4, 'OL', '0', '1', -1, -1, -1, -1, -1, -1, -1, -1, -1, -1, -1, -1, -1, -1, -1, -1, -1, -1, -1, -1, -1, -1, -1, -1, -1, -1, -1, -1, -1, -1, -1, -1, -1, -1]"
"[280, 20201122, 1500, '11', 20, 'DFCO', 7, 'RCL', '0', '1', -1, -1, -1, -1, -1, -1, -1, -1, -1, -1, -1, -1, -1, -1, -1, -1, -1, -1, -1, -1, -1, -1, -1, -1, -1, -1, -1, -1, -1, -1, -1, -1, -1, -1]"
"[281, 20201122, 1500, '11', 8, 'MHSC', 15, 'RCSA', '4', '3', -1, -1, -1, -1, -1, -1, -1, -1, -1, -1, -1, -1, -1, -1, -1, -1, -1, -1, -1, -1, -1, -1, -1, -1, -1, -1, -1, -1, -1, -1, -1, -1, -1, -1]"
"[282, 20201122, 1500, '11', 14, 'SDR', 19, 'NO', '0', '1', -1, -1, -1, -1, -1, -1, -1, -1, -1, -1, -1, -1, -1, -1, -1, -1, -1, -1, -1, -1, -1, -1, -1, -1, -1, -1, -1, -1, -1, -1, -1, -1, -1, -1]"
"[283, 20201122, 1300, '11', 18, 'FCN', 10, 'FCM', '1', '1', -1, -1, -1, -1, -1, -1, -1, -1, -1, -1, -1, -1, -1, -1, -1, -1, -1, -1, -1, -1, -1, -1, -1, -1, -1, -1, -1, -1, -1, -1, -1, -1, -1, -1]"
"[284, 20201121, 1700, '11', 17, 'SB29', 11, 'ASSE', '4', '1', 41, 10, 5, 4, 1, 10, 5, 0, 0, 12, 1, 0, 75, 405, 306, 21, 76, 30, 59, 17, 1, 9, 7, 12, 6, 0, 1, 10, 1, 0, 86, 558, 485, 16, 147, 75]"
"[285, 20201120, 2100, '11', 3, 'ASM', 2, 'PSG', '3', '2', 52, 15, 5, 8, 2, 22, 2, 0, 2, 12, 0, 0, 0, 2, 540, 26, 73, 39, 48, 9, 4, 5, 0, 12, 1, 4, 2, 19, 1, 0, 0, 3, 491, 13, 75, 38]"
"[286, 20201120, 1900, '11', 6, 'SRFC', 12, 'FCGB', '0', '1', -1, -1, -1, -1, -1, -1, -1, -1, -1, -1, -1, -1, -1, -1, -1, -1, -1, -1, -1, -1, -1, -1, -1, -1, -1, -1, -1, -1, -1, -1, -1, -1, -1, -1]"
"[287, 20201108, 2100, '10', 4, 'OL', 11, 'ASSE', '2', '1', -1, -1, -1, -1, -1, -1, -1, -1, -1, -1, -1, -1, -1, -1, -1, -1, -1, -1, -1, -1, -1, -1, -1, -1, -1, -1, -1, -1, -1, -1, -1, -1, -1, -1]"
"[288, 20201108, 1700, '10', 9, 'OGCN', 3, 'ASM', '1', '2', -1, -1, -1, -1, -1, -1, -1, -1, -1, -1, -1, -1, -1, -1, -1, -1, -1, -1, -1, -1, -1, -1, -1, -1, -1, -1, -1, -1, -1, -1, -1, -1, -1, -1]"
"[289, 20201108, 1500, '10', 7, 'RCL', 14, 'SDR', '4', '4', -1, -1, -1, -1, -1, -1, -1, -1, -1, -1, -1, -1, -1, -1, -1, -1, -1, -1, -1, -1, -1, -1, -1, -1, -1, -1, -1, -1, -1, -1, -1, -1, -1, -1]"
"[290, 20201108, 1500, '10', 16, 'FCL', 18, 'FCN', '0', '2', -1, -1, -1, -1, -1, -1, -1, -1, -1, -1, -1, -1, -1, -1, -1, -1, -1, -1, -1, -1, -1, -1, -1, -1, -1, -1, -1, -1, -1, -1, -1, -1, -1, -1]"
"[291, 20201108, 1500, '10', 10, 'FCM', 20, 'DFCO', '1', '1', -1, -1, -1, -1, -1, -1, -1, -1, -1, -1, -1, -1, -1, -1, -1, -1, -1, -1, -1, -1, -1, -1, -1, -1, -1, -1, -1, -1, -1, -1, -1, -1, -1, -1]"
"[292, 20201108, 1500, '10', 19, 'NO', 13, 'SCO', '1', '5', -1, -1, -1, -1, -1, -1, -1, -1, -1, -1, -1, -1, -1, -1, -1, -1, -1, -1, -1, -1, -1, -1, -1, -1, -1, -1, -1, -1, -1, -1, -1, -1, -1, -1]"
"[293, 20201108, 1300, '10', 17, 'SB29', 1, 'LOSC', '3', '2', -1, -1, -1, -1, -1, -1, -1, -1, -1, -1, -1, -1, -1, -1, -1, -1, -1, -1, -1, -1, -1, -1, -1, -1, -1, -1, -1, -1, -1, -1, -1, -1, -1, -1]"
"[294, 20201107, 2100, '10', 2, 'PSG', 6, 'SRFC', '3', '0', -1, -1, -1, -1, -1, -1, -1, -1, -1, -1, -1, -1, -1, -1, -1, -1, -1, -1, -1, -1, -1, -1, -1, -1, -1, -1, -1, -1, -1, -1, -1, -1, -1, -1]"
"[295, 20201107, 1700, '10', 12, 'FCGB', 8, 'MHSC', '0', '2', -1, -1, -1, -1, -1, -1, -1, -1, -1, -1, -1, -1, -1, -1, -1, -1, -1, -1, -1, -1, -1, -1, -1, -1, -1, -1, -1, -1, -1, -1, -1, -1, -1, -1]"
"[296, 20201106, 2100, '10', 15, 'RCSA', 5, 'OM', '0', '1', -1, -1, -1, -1, -1, -1, -1, -1, -1, -1, -1, -1, -1, -1, -1, -1, -1, -1, -1, -1, -1, -1, -1, -1, -1, -1, -1, -1, -1, -1, -1, -1, -1, -1]"
"[297, 20201101, 2100, '9', 1, 'LOSC', 4, 'OL', '1', '1', 60, 15, 6, 4, 5, 9, 9, 0, 0, 14, 0, 0, 0, 3, 600, 19, 137, 71, 40, 8, 1, 4, 3, 15, 4, 0, 5, 10, 1, 0, 0, 3, 402, 19, 78, 36]"
"[298, 20201101, 1700, '9', 3, 'ASM', 12, 'FCGB', '4', '0', -1, -1, -1, -1, -1, -1, -1, -1, -1, -1, -1, -1, -1, -1, -1, -1, -1, -1, -1, -1, -1, -1, -1, -1, -1, -1, -1, -1, -1, -1, -1, -1, -1, -1]"
"[299, 20201101, 1500, '9', 13, 'SCO', 9, 'OGCN', '0', '3', -1, -1, -1, -1, -1, -1, -1, -1, -1, -1, -1, -1, -1, -1, -1, -1, -1, -1, -1, -1, -1, -1, -1, -1, -1, -1, -1, -1, -1, -1, -1, -1, -1, -1]"
"[300, 20201101, 1500, '9', 20, 'DFCO', 16, 'FCL', '0', '0', -1, -1, -1, -1, -1, -1, -1, -1, -1, -1, -1, -1, -1, -1, -1, -1, -1, -1, -1, -1, -1, -1, -1, -1, -1, -1, -1, -1, -1, -1, -1, -1, -1, -1]"
"[301, 20201101, 1500, '9', 19, 'NO', 10, 'FCM', '0', '1', 67, 16, 2, 8, 6, 16, 10, 1, 4, 13, 0, 0, 0, 3, 556, 12, 149, 70, 33, 8, 5, 1, 2, 13, 1, 1, 2, 15, 1, 0, 0, 2, 283, 21, 83, 20]"
"[302, 20201101, 1500, '9', 14, 'SDR', 15, 'RCSA', '2', '1', -1, -1, -1, -1, -1, -1, -1, -1, -1, -1, -1, -1, -1, -1, -1, -1, -1, -1, -1, -1, -1, -1, -1, -1, -1, -1, -1, -1, -1, -1, -1, -1, -1, -1]"
"[303, 20201101, 1300, '9', 11, 'ASSE', 8, 'MHSC', '0', '1', -1, -1, -1, -1, -1, -1, -1, -1, -1, -1, -1, -1, -1, -1, -1, -1, -1, -1, -1, -1, -1, -1, -1, -1, -1, -1, -1, -1, -1, -1, -1, -1, -1, -1]"
"[304, 20201031, 2100, '9', 18, 'FCN', 2, 'PSG', '0', '3', -1, -1, -1, -1, -1, -1, -1, -1, -1, -1, -1, -1, -1, -1, -1, -1, -1, -1, -1, -1, -1, -1, -1, -1, -1, -1, -1, -1, -1, -1, -1, -1, -1, -1]"
"[305, 20201031, 1700, '9', 6, 'SRFC', 17, 'SB29', '2', '1', -1, -1, -1, -1, -1, -1, -1, -1, -1, -1, -1, -1, -1, -1, -1, -1, -1, -1, -1, -1, -1, -1, -1, -1, -1, -1, -1, -1, -1, -1, -1, -1, -1, -1]"
"[306, 20201025, 2100, '8', 4, 'OL', 3, 'ASM', '4', '1', 34, 15, 6, 6, 3, 14, 2, 3, 4, 12, 1, 0, 0, 3, 290, 16, 79, 29, 66, 18, 5, 6, 7, 14, 12, 0, 2, 15, 0, 0, 0, 4, 560, 15, 135, 69]"
"[307, 20201025, 1700, '8', 9, 'OGCN', 1, 'LOSC', '1', '1', -1, -1, -1, -1, -1, -1, -1, -1, -1, -1, -1, -1, -1, -1, -1, -1, -1, -1, -1, -1, -1, -1, -1, -1, -1, -1, -1, -1, -1, -1, -1, -1, -1, -1]"
"[308, 20201025, 1500, '8', 12, 'FCGB', 19, 'NO', '2', '0', -1, -1, -1, -1, -1, -1, -1, -1, -1, -1, -1, -1, -1, -1, -1, -1, -1, -1, -1, -1, -1, -1, -1, -1, -1, -1, -1, -1, -1, -1, -1, -1, -1, -1]"
"[309, 20201025, 1500, '8', 17, 'SB29', 15, 'RCSA', '0', '3', -1, -1, -1, -1, -1, -1, -1, -1, -1, -1, -1, -1, -1, -1, -1, -1, -1, -1, -1, -1, -1, -1, -1, -1, -1, -1, -1, -1, -1, -1, -1, -1, -1, -1]"
"[310, 20201025, 1500, '8', 10, 'FCM', 11, 'ASSE', '2', '0', -1, -1, -1, -1, -1, -1, -1, -1, -1, -1, -1, -1, -1, -1, -1, -1, -1, -1, -1, -1, -1, -1, -1, -1, -1, -1, -1, -1, -1, -1, -1, -1, -1, -1]"
"[311, 20201025, 1500, '8', 8, 'MHSC', 14, 'SDR', '0', '4', 32, 5, 1, 3, 1, 13, 3, 0, 5, 7, 2, 0, 0, 1, 323, 10, 75, 19, 68, 24, 9, 9, 6, 5, 8, 2, 1, 11, 0, 0, 0, 0, 686, 14, 137, 69]"
"[312, 20201024, 2100, '8', 2, 'PSG', 20, 'DFCO', '4', '0', -1, -1, -1, -1, -1, -1, -1, -1, -1, -1, -1, -1, -1, -1, -1, -1, -1, -1, -1, -1, -1, -1, -1, -1, -1, -1, -1, -1, -1, -1, -1, -1, -1, -1]"
"[313, 20201024, 1700, '8', 16, 'FCL', 5, 'OM', '0', '1', -1, -1, -1, -1, -1, -1, -1, -1, -1, -1, -1, -1, -1, -1, -1, -1, -1, -1, -1, -1, -1, -1, -1, -1, -1, -1, -1, -1, -1, -1, -1, -1, -1, -1]"
"[314, 20201023, 2100, '8', 6, 'SRFC', 13, 'SCO', '1', '2', -1, -1, -1, -1, -1, -1, -1, -1, -1, -1, -1, -1, -1, -1, -1, -1, -1, -1, -1, -1, -1, -1, -1, -1, -1, -1, -1, -1, -1, -1, -1, -1, -1, -1]"
"[315, 20201018, 2100, '7', 1, 'LOSC', 7, 'RCL', '4', '0', 57, 17, 6, 5, 6, 17, 7, 1, 2, 13, 0, 0, 0, 0, 513, 12, 130, 30, 43, 7, 2, 3, 2, 14, 2, 1, 2, 16, 2, 0, 0, 3, 392, 23, 85, 14]"
"[316, 20201018, 1700, '7', 11, 'ASSE', 9, 'OGCN', '1', '3', -1, -1, -1, -1, -1, -1, -1, -1, -1, -1, -1, -1, -1, -1, -1, -1, -1, -1, -1, -1, -1, -1, -1, -1, -1, -1, -1, -1, -1, -1, -1, -1, -1, -1]"
"[317, 20201018, 1500, '7', 13, 'SCO', 10, 'FCM', '1', '1', -1, -1, -1, -1, -1, -1, -1, -1, -1, -1, -1, -1, -1, -1, -1, -1, -1, -1, -1, -1, -1, -1, -1, -1, -1, -1, -1, -1, -1, -1, -1, -1, -1, -1]"
"[318, 20201018, 1500, '7', 3, 'ASM', 8, 'MHSC', '1', '1', 81, 21, 7, 7, 7, 15, 10, 2, 1, 13, 0, 0, 0, 2, 677, 14, 184, 101, 19, 3, 2, 1, 0, 15, 2, 3, 6, 13, 1, 0, 0, 1, 161, 8, 61, 8]"
"[319, 20201018, 1500, '7', 18, 'FCN', 17, 'SB29', '3', '1', -1, -1, -1, -1, -1, -1, -1, -1, -1, -1, -1, -1, -1, -1, -1, -1, -1, -1, -1, -1, -1, -1, -1, -1, -1, -1, -1, -1, -1, -1, -1, -1, -1, -1]"
"[320, 20201018, 1300, '7', 15, 'RCSA', 4, 'OL', '2', '3', -1, -1, -1, -1, -1, -1, -1, -1, -1, -1, -1, -1, -1, -1, -1, -1, -1, -1, -1, -1, -1, -1, -1, -1, -1, -1, -1, -1, -1, -1, -1, -1, -1, -1]"
"[321, 20201017, 2100, '7', 5, 'OM', 12, 'FCGB', '3', '1', -1, -1, -1, -1, -1, -1, -1, -1, -1, -1, -1, -1, -1, -1, -1, -1, -1, -1, -1, -1, -1, -1, -1, -1, -1, -1, -1, -1, -1, -1, -1, -1, -1, -1]"
"[322, 20201017, 1700, '7', 14, 'SDR', 16, 'FCL', '1', '3', 47, 6, 3, 1, 2, 13, 3, 2, 1, 14, 2, 0, 0, 4, 345, 13, 103, 37, 53, 14, 4, 5, 5, 15, 6, 2, 2, 11, 0, 0, 0, 1, 388, 21, 92, 30]"
"[323, 20201016, 2100, '7', 19, 'NO', 2, 'PSG', '0', '4', 24, 5, 2, 3, 0, 14, 1, 1, 7, 10, 1, 0, 0, 1, 224, 12, 67, 23, 76, 30, 11, 12, 7, 11, 9, 0, 2, 12, 0, 0, 0, 2, 706, 11, 132, 82]"
"[324, 20201016, 1900, '7', 20, 'DFCO', 6, 'SRFC', '1', '1', -1, -1, -1, -1, -1, -1, -1, -1, -1, -1, -1, -1, -1, -1, -1, -1, -1, -1, -1, -1, -1, -1, -1, -1, -1, -1, -1, -1, -1, -1, -1, -1, -1, -1]"
"[325, 20201004, 2100, '6', 4, 'OL', 5, 'OM', '1', '1', 68, 24, 3, 15, 6, 8, 19, 1, 0, 14, 0, 0, 0, 1, 531, 17, 135, 117, 32, 3, 1, 2, 0, 15, 5, 0, 2, 10, 1, 0, 0, 2, 266, 13, 63, 17]"
"[326, 20201004, 1700, '6', 6, 'SRFC', 14, 'SDR', '2', '2', -1, -1, -1, -1, -1, -1, -1, -1, -1, -1, -1, -1, -1, -1, -1, -1, -1, -1, -1, -1, -1, -1, -1, -1, -1, -1, -1, -1, -1, -1, -1, -1, -1, -1]"
"[327, 20201004, 1500, '6', 12, 'FCGB', 20, 'DFCO', '3', '0', -1, -1, -1, -1, -1, -1, -1, -1, -1, -1, -1, -1, -1, -1, -1, -1, -1, -1, -1, -1, -1, -1, -1, -1, -1, -1, -1, -1, -1, -1, -1, -1, -1, -1]"
"[328, 20201004, 1500, '6', 17, 'SB29', 3, 'ASM', '1', '0', -1, -1, -1, -1, -1, -1, -1, -1, -1, -1, -1, -1, -1, -1, -1, -1, -1, -1, -1, -1, -1, -1, -1, -1, -1, -1, -1, -1, -1, -1, -1, -1, -1, -1]"
"[329, 20201004, 1500, '6', 10, 'FCM', 16, 'FCL', '3', '1', -1, -1, -1, -1, -1, -1, -1, -1, -1, -1, -1, -1, -1, -1, -1, -1, -1, -1, -1, -1, -1, -1, -1, -1, -1, -1, -1, -1, -1, -1, -1, -1, -1, -1]"
"[330, 20201004, 1500, '6', 15, 'RCSA', 1, 'LOSC', '0', '3', -1, -1, -1, -1, -1, -1, -1, -1, -1, -1, -1, -1, -1, -1, -1, -1, -1, -1, -1, -1, -1, -1, -1, -1, -1, -1, -1, -1, -1, -1, -1, -1, -1, -1]"
"[331, 20201004, 1300, '6', 8, 'MHSC', 19, 'NO', '0', '1', -1, -1, -1, -1, -1, -1, -1, -1, -1, -1, -1, -1, -1, -1, -1, -1, -1, -1, -1, -1, -1, -1, -1, -1, -1, -1, -1, -1, -1, -1, -1, -1, -1, -1]"
"[332, 20201003, 2100, '6', 9, 'OGCN', 18, 'FCN', '2', '1', 73, 18, 7, 6, 5, 10, 9, 2, 0, 13, 0, 0, 0, 2, 758, 15, 171, 78, 27, 11, 1, 6, 4, 14, 2, 2, 5, 8, 1, 0, 0, 1, 274, 18, 63, 26]"
"[333, 20201003, 1700, '6', 7, 'RCL', 11, 'ASSE', '2', '0', 67, 13, 5, 6, 2, 9, 12, 2, 1, 23, 0, 0, 0, 1, 532, 26, 74, 52, 33, 2, 1, 1, 0, 25, 0, 0, 3, 10, 2, 0, 0, 1, 274, 14, 51, 9]"
"[334, 20201002, 2100, '6', 2, 'PSG', 13, 'SCO', '6', '1', -1, -1, -1, -1, -1, -1, -1, -1, -1, -1, -1, -1, -1, -1, -1, -1, -1, -1, -1, -1, -1, -1, -1, -1, -1, -1, -1, -1, -1, -1, -1, -1, -1, -1]"
"[335, 20200927, 2100, '5', 14, 'SDR', 2, 'PSG', '0', '2', -1, -1, -1, -1, -1, -1, -1, -1, -1, -1, -1, -1, -1, -1, -1, -1, -1, -1, -1, -1, -1, -1, -1, -1, -1, -1, -1, -1, -1, -1, -1, -1, -1, -1]"
"[336, 20200927, 1700, '5', 16, 'FCL', 4, 'OL', '1', '1', -1, -1, -1, -1, -1, -1, -1, -1, -1, -1, -1, -1, -1, -1, -1, -1, -1, -1, -1, -1, -1, -1, -1, -1, -1, -1, -1, -1, -1, -1, -1, -1, -1, -1]"
"[337, 20200927, 1500, '5', 13, 'SCO', 17, 'SB29', '3', '2', -1, -1, -1, -1, -1, -1, -1, -1, -1, -1, -1, -1, -1, -1, -1, -1, -1, -1, -1, -1, -1, -1, -1, -1, -1, -1, -1, -1, -1, -1, -1, -1, -1, -1]"
"[338, 20200927, 1500, '5', 20, 'DFCO', 8, 'MHSC', '2', '2', -1, -1, -1, -1, -1, -1, -1, -1, -1, -1, -1, -1, -1, -1, -1, -1, -1, -1, -1, -1, -1, -1, -1, -1, -1, -1, -1, -1, -1, -1, -1, -1, -1, -1]"
"[339, 20200927, 1500, '5', 3, 'ASM', 15, 'RCSA', '3', '2', 57, 11, 5, 3, 3, 16, 6, 3, 3, 11, 2, 0, 0, 3, 522, 17, 113, 42, 43, 11, 5, 4, 2, 13, 2, 5, 2, 12, 0, 0, 0, 1, 378, 12, 118, 47]"
"[340, 20200927, 1500, '5', 19, 'NO', 7, 'RCL', '1', '1', -1, -1, -1, -1, -1, -1, -1, -1, -1, -1, -1, -1, -1, -1, -1, -1, -1, -1, -1, -1, -1, -1, -1, -1, -1, -1, -1, -1, -1, -1, -1, -1, -1, -1]"
"[341, 20200927, 1300, '5', 12, 'FCGB', 9, 'OGCN', '0', '0', -1, -1, -1, -1, -1, -1, -1, -1, -1, -1, -1, -1, -1, -1, -1, -1, -1, -1, -1, -1, -1, -1, -1, -1, -1, -1, -1, -1, -1, -1, -1, -1, -1, -1]"
"[342, 20200926, 2100, '5', 5, 'OM', 10, 'FCM', '1', '1', -1, -1, -1, -1, -1, -1, -1, -1, -1, -1, -1, -1, -1, -1, -1, -1, -1, -1, -1, -1, -1, -1, -1, -1, -1, -1, -1, -1, -1, -1, -1, -1, -1, -1]"
"[343, 20200926, 1700, '5', 11, 'ASSE', 6, 'SRFC', '0', '3', -1, -1, -1, -1, -1, -1, -1, -1, -1, -1, -1, -1, -1, -1, -1, -1, -1, -1, -1, -1, -1, -1, -1, -1, -1, -1, -1, -1, -1, -1, -1, -1, -1, -1]"
"[344, 20200925, 2100, '5', 1, 'LOSC', 18, 'FCN', '2', '0', -1, -1, -1, -1, -1, -1, -1, -1, -1, -1, -1, -1, -1, -1, -1, -1, -1, -1, -1, -1, -1, -1, -1, -1, -1, -1, -1, -1, -1, -1, -1, -1, -1, -1]"
"[345, 20200920, 2100, '4', 5, 'OM', 1, 'LOSC', '1', '1', -1, -1, -1, -1, -1, -1, -1, -1, -1, -1, -1, -1, -1, -1, -1, -1, -1, -1, -1, -1, -1, -1, -1, -1, -1, -1, -1, -1, -1, -1, -1, -1, -1, -1]"
"[346, 20200920, 1700, '4', 18, 'FCN', 11, 'ASSE', '2', '2', -1, -1, -1, -1, -1, -1, -1, -1, -1, -1, -1, -1, -1, -1, -1, -1, -1, -1, -1, -1, -1, -1, -1, -1, -1, -1, -1, -1, -1, -1, -1, -1, -1, -1]"
"[347, 20200920, 1500, '4', 17, 'SB29', 16, 'FCL', '3', '2', -1, -1, -1, -1, -1, -1, -1, -1, -1, -1, -1, -1, -1, -1, -1, -1, -1, -1, -1, -1, -1, -1, -1, -1, -1, -1, -1, -1, -1, -1, -1, -1, -1, -1]"
"[348, 20200920, 1500, '4', 10, 'FCM', 14, 'SDR', '2', '1', 59, 14, 4, 7, 3, 7, 8, 1, 3, 14, 0, 0, 0, 1, 447, 21, 119, 66, 41, 10, 4, 3, 3, 15, 5, 0, 2, 7, 1, 0, 0, 4, 317, 18, 88, 30]"
"[349, 20200920, 1500, '4', 8, 'MHSC', 13, 'SCO', '4', '1', -1, -1, -1, -1, -1, -1, -1, -1, -1, -1, -1, -1, -1, -1, -1, -1, -1, -1, -1, -1, -1, -1, -1, -1, -1, -1, -1, -1, -1, -1, -1, -1, -1, -1]"
"[350, 20200920, 1500, '4', 15, 'RCSA', 20, 'DFCO', '1', '0', -1, -1, -1, -1, -1, -1, -1, -1, -1, -1, -1, -1, -1, -1, -1, -1, -1, -1, -1, -1, -1, -1, -1, -1, -1, -1, -1, -1, -1, -1, -1, -1, -1, -1]"
"[351, 20200920, 1300, '4', 9, 'OGCN', 2, 'PSG', '0', '3', -1, -1, -1, -1, -1, -1, -1, -1, -1, -1, -1, -1, -1, -1, -1, -1, -1, -1, -1, -1, -1, -1, -1, -1, -1, -1, -1, -1, -1, -1, -1, -1, -1, -1]"
"[352, 20200919, 2100, '4', 6, 'SRFC', 3, 'ASM', '2', '1', -1, -1, -1, -1, -1, -1, -1, -1, -1, -1, -1, -1, -1, -1, -1, -1, -1, -1, -1, -1, -1, -1, -1, -1, -1, -1, -1, -1, -1, -1, -1, -1, -1, -1]"
"[353, 20200919, 1700, '4', 7, 'RCL', 12, 'FCGB', '2', '1', 59, 19, 5, 8, 6, 15, 7, 1, 2, 15, 0, 0, 0, 5, 545, 15, 150, 34, 41, 7, 3, 4, 0, 16, 0, 1, 3, 15, 1, 0, 0, 5, 380, 15, 80, 12]"
"[354, 20200918, 2100, '4', 4, 'OL', 19, 'NO', '0', '0', -1, -1, -1, -1, -1, -1, -1, -1, -1, -1, -1, -1, -1, -1, -1, -1, -1, -1, -1, -1, -1, -1, -1, -1, -1, -1, -1, -1, -1, -1, -1, -1, -1, -1]"
"[355, 20200917, 2100, '1', 5, 'OM', 11, 'ASSE', '0', '2', -1, -1, -1, -1, -1, -1, -1, -1, -1, -1, -1, -1, -1, -1, -1, -1, -1, -1, -1, -1, -1, -1, -1, -1, -1, -1, -1, -1, -1, -1, -1, -1, -1, -1]"
"[356, 20200916, 2100, '1', 2, 'PSG', 10, 'FCM', '1', '0', 72, 20, 8, 10, 2, 9, 8, 1, 1, 8, 1, 0, 0, 3, 638, 12, 141, 56, 28, 7, 1, 3, 3, 9, 2, 3, 7, 6, 0, 0, 0, 2, 254, 16, 80, 32]"
"[357, 20200915, 2100, '1', 8, 'MHSC', 4, 'OL', '2', '1', 44, 10, 3, 4, 3, 13, 4, 2, 6, 13, 1, 0, 0, 3, 391, 12, 101, 35, 56, 19, 7, 6, 6, 14, 11, 0, 2, 13, 1, 0, 0, 2, 488, 17, 123, 59]"
"[358, 20200913, 2100, '3', 2, 'PSG', 5, 'OM', '0', '1', 66, 14, 4, 6, 4, 22, 4, 4, 1, 17, 3, 0, 0, 6, 527, 19, 152, 69, 34, 5, 2, 1, 2, 21, 2, 3, 4, 19, 2, 0, 0, 8, 278, 20, 75, 19]"
"[359, 20200913, 1700, '3', 3, 'ASM', 18, 'FCN', '2', '1', -1, -1, -1, -1, -1, -1, -1, -1, -1, -1, -1, -1, -1, -1, -1, -1, -1, -1, -1, -1, -1, -1, -1, -1, -1, -1, -1, -1, -1, -1, -1, -1, -1, -1]"
"[360, 20200913, 1500, '3', 13, 'SCO', 14, 'SDR', '1', '0', 58, 20, 7, 10, 3, 11, 1, 2, 2, 12, 1, 0, 0, 4, 544, 8, 127, 50, 42, 7, 2, 5, 0, 14, 2, 0, 6, 12, 1, 0, 0, 2, 401, 15, 84, 21]"
"[361, 20200913, 1500, '3', 20, 'DFCO', 17, 'SB29', '0', '2', 50, 7, 3, 2, 2, 17, 5, 1, 3, 16, 1, 0, 0, 2, 433, 16, 102, 39, 50, 19, 5, 10, 4, 17, 7, 2, 3, 16, 0, 0, 0, 0, 438, 24, 114, 59]"
"[362, 20200913, 1500, '3', 16, 'FCL', 7, 'RCL', '2', '3', -1, -1, -1, -1, -1, -1, -1, -1, -1, -1, -1, -1, -1, -1, -1, -1, -1, -1, -1, -1, -1, -1, -1, -1, -1, -1, -1, -1, -1, -1, -1, -1, -1, -1]"
"[363, 20200913, 1500, '3', 19, 'NO', 6, 'SRFC', '2', '4', -1, -1, -1, -1, -1, -1, -1, -1, -1, -1, -1, -1, -1, -1, -1, -1, -1, -1, -1, -1, -1, -1, -1, -1, -1, -1, -1, -1, -1, -1, -1, -1, -1, -1]"
"[364, 20200913, 1300, '3', 1, 'LOSC', 10, 'FCM', '1', '0', -1, -1, -1, -1, -1, -1, -1, -1, -1, -1, -1, -1, -1, -1, -1, -1, -1, -1, -1, -1, -1, -1, -1, -1, -1, -1, -1, -1, -1, -1, -1, -1, -1, -1]"
"[365, 20200912, 2100, '3', 11, 'ASSE', 15, 'RCSA', '2', '0', -1, -1, -1, -1, -1, -1, -1, -1, -1, -1, -1, -1, -1, -1, -1, -1, -1, -1, -1, -1, -1, -1, -1, -1, -1, -1, -1, -1, -1, -1, -1, -1, -1, -1]"
"[366, 20200912, 1700, '3', 8, 'MHSC', 9, 'OGCN', '3', '1', -1, -1, -1, -1, -1, -1, -1, -1, -1, -1, -1, -1, -1, -1, -1, -1, -1, -1, -1, -1, -1, -1, -1, -1, -1, -1, -1, -1, -1, -1, -1, -1, -1, -1]"
"[367, 20200911, 2100, '3', 12, 'FCGB', 4, 'OL', '0', '0', -1, -1, -1, -1, -1, -1, -1, -1, -1, -1, -1, -1, -1, -1, -1, -1, -1, -1, -1, -1, -1, -1, -1, -1, -1, -1, -1, -1, -1, -1, -1, -1, -1, -1]"
"[368, 20200910, 2100, '2', 7, 'RCL', 2, 'PSG', '1', '0', -1, -1, -1, -1, -1, -1, -1, -1, -1, -1, -1, -1, -1, -1, -1, -1, -1, -1, -1, -1, -1, -1, -1, -1, -1, -1, -1, -1, -1, -1, -1, -1, -1, -1]"
"[369, 20200830, 2100, '2', 17, 'SB29', 5, 'OM', '2', '3', -1, -1, -1, -1, -1, -1, -1, -1, -1, -1, -1, -1, -1, -1, -1, -1, -1, -1, -1, -1, -1, -1, -1, -1, -1, -1, -1, -1, -1, -1, -1, -1, -1, -1]"
"[370, 20200830, 1500, '2', 13, 'SCO', 12, 'FCGB', '0', '2', -1, -1, -1, -1, -1, -1, -1, -1, -1, -1, -1, -1, -1, -1, -1, -1, -1, -1, -1, -1, -1, -1, -1, -1, -1, -1, -1, -1, -1, -1, -1, -1, -1, -1]"
"[371, 20200830, 1500, '2', 10, 'FCM', 3, 'ASM', '0', '1', 55, 14, 4, 8, 2, 24, 10, 0, 1, 14, 0, 0, 0, 0, 471, 21, 128, 70, 45, 3, 2, 1, 0, 14, 1, 4, 4, 20, 1, 0, 0, 5, 404, 26, 101, 26]"
"[372, 20200830, 1500, '2', 18, 'FCN', 19, 'NO', '2', '1', -1, -1, -1, -1, -1, -1, -1, -1, -1, -1, -1, -1, -1, -1, -1, -1, -1, -1, -1, -1, -1, -1, -1, -1, -1, -1, -1, -1, -1, -1, -1, -1, -1, -1]"
"[373, 20200830, 1500, '2', 11, 'ASSE', 16, 'FCL', '2', '0', -1, -1, -1, -1, -1, -1, -1, -1, -1, -1, -1, -1, -1, -1, -1, -1, -1, -1, -1, -1, -1, -1, -1, -1, -1, -1, -1, -1, -1, -1, -1, -1, -1, -1]"
"[374, 20200830, 1300, '2', 14, 'SDR', 1, 'LOSC', '0', '1', -1, -1, -1, -1, -1, -1, -1, -1, -1, -1, -1, -1, -1, -1, -1, -1, -1, -1, -1, -1, -1, -1, -1, -1, -1, -1, -1, -1, -1, -1, -1, -1, -1, -1]"
"[375, 20200829, 2100, '2', 15, 'RCSA', 9, 'OGCN', '0', '2', -1, -1, -1, -1, -1, -1, -1, -1, -1, -1, -1, -1, -1, -1, -1, -1, -1, -1, -1, -1, -1, -1, -1, -1, -1, -1, -1, -1, -1, -1, -1, -1, -1, -1]"
"[376, 20200829, 1700, '2', 6, 'SRFC', 8, 'MHSC', '2', '1', 67, 16, 7, 8, 1, 16, 2, 1, 2, 18, 1, 0, 0, 3, 607, 21, 128, 35, 33, 11, 3, 7, 1, 19, 1, 0, 5, 16, 1, 0, 0, 2, 290, 17, 121, 34]"
"[377, 20200828, 2100, '2', 4, 'OL', 20, 'DFCO', '4', '1', -1, -1, -1, -1, -1, -1, -1, -1, -1, -1, -1, -1, -1, -1, -1, -1, -1, -1, -1, -1, -1, -1, -1, -1, -1, -1, -1, -1, -1, -1, -1, -1, -1, -1]"
"[378, 20200823, 1700, '1', 9, 'OGCN', 7, 'RCL', '2', '1', -1, -1, -1, -1, -1, -1, -1, -1, -1, -1, -1, -1, -1, -1, -1, -1, -1, -1, -1, -1, -1, -1, -1, -1, -1, -1, -1, -1, -1, -1, -1, -1, -1, -1]"
"[379, 20200823, 1500, '1', 16, 'FCL', 15, 'RCSA', '3', '1', -1, -1, -1, -1, -1, -1, -1, -1, -1, -1, -1, -1, -1, -1, -1, -1, -1, -1, -1, -1, -1, -1, -1, -1, -1, -1, -1, -1, -1, -1, -1, -1, -1, -1]"
"[380, 20200823, 1500, '1', 19, 'NO', 17, 'SB29', '4', '0', -1, -1, -1, -1, -1, -1, -1, -1, -1, -1, -1, -1, -1, -1, -1, -1, -1, -1, -1, -1, -1, -1, -1, -1, -1, -1, -1, -1, -1, -1, -1, -1, -1, -1]"
"[381, 20200823, 1300, '1', 3, 'ASM', 14, 'SDR', '2', '2', -1, -1, -1, -1, -1, -1, -1, -1, -1, -1, -1, -1, -1, -1, -1, -1, -1, -1, -1, -1, -1, -1, -1, -1, -1, -1, -1, -1, -1, -1, -1, -1, -1, -1]"
"[382, 20200822, 2100, '1', 1, 'LOSC', 6, 'SRFC', '1', '1', -1, -1, -1, -1, -1, -1, -1, -1, -1, -1, -1, -1, -1, -1, -1, -1, -1, -1, -1, -1, -1, -1, -1, -1, -1, -1, -1, -1, -1, -1, -1, -1, -1, -1]"
"[383, 20200822, 1700, '1', 20, 'DFCO', 13, 'SCO', '0', '1', -1, -1, -1, -1, -1, -1, -1, -1, -1, -1, -1, -1, -1, -1, -1, -1, -1, -1, -1, -1, -1, -1, -1, -1, -1, -1, -1, -1, -1, -1, -1, -1, -1, -1]"
"[384, 20200821, 1900, '1', 12, 'FCGB', 18, 'FCN', '0', '0', -1, -1, -1, -1, -1, -1, -1, -1, -1, -1, -1, -1, -1, -1, -1, -1, -1, -1, -1, -1, -1, -1, -1, -1, -1, -1, -1, -1, -1, -1, -1, -1, -1, -1]"
